Word,Start Timecode,End Timecode,Speaker
The,00:00:11:49,00:00:11:54,Speaker1
reading's,00:00:11:54,00:00:12:12,Speaker1
growing,00:00:12:12,00:00:12:30,Speaker1
stronger.,00:00:12:30,00:00:12:57,Speaker1
"Captain,",00:00:12:57,00:00:13:31,""
coming,00:00:13:39,00:00:14:06,""
from,00:00:14:06,00:00:14:16,""
a,00:00:14:16,00:00:14:22,""
star,00:00:14:22,00:00:14:38,""
system,00:00:14:38,00:00:15:01,""
directly,00:00:15:01,00:00:15:30,""
ahead.,00:00:15:30,00:00:16:06,""
It's,00:00:18:22,00:00:18:33,Speaker2
not,00:00:18:33,00:00:18:44,Speaker2
a,00:00:18:44,00:00:18:49,Speaker2
"signal,",00:00:18:49,00:00:19:11,Speaker2
sir.,00:00:19:11,00:00:19:36,Speaker2
Does,00:00:19:58,00:00:20:16,Speaker2
not,00:00:20:16,00:00:20:25,Speaker2
seem,00:00:20:25,00:00:20:36,Speaker2
to,00:00:20:36,00:00:20:41,Speaker2
even,00:00:20:41,00:00:20:54,Speaker2
exist.,00:00:20:54,00:00:21:19,Speaker2
And,00:00:21:19,00:00:21:26,Speaker2
yet,00:00:21:26,00:00:21:37,Speaker2
it's,00:00:21:37,00:00:21:46,Speaker2
affecting,00:00:21:46,00:00:22:07,Speaker2
all,00:00:22:07,00:00:22:16,Speaker2
my,00:00:22:16,00:00:22:25,Speaker2
channels.,00:00:22:25,00:00:23:10,Speaker2
Well.,00:00:26:21,00:00:26:55,Speaker3
Someone,00:00:27:54,00:00:28:53,Speaker3
or,00:00:28:53,00:00:29:16,Speaker3
something,00:00:29:16,00:00:30:07,Speaker3
is,00:00:30:07,00:00:30:19,Speaker3
attempting,00:00:30:19,00:00:30:46,Speaker3
to,00:00:30:48,00:00:30:57,Speaker3
attract,00:00:30:57,00:00:31:19,Speaker3
our,00:00:31:19,00:00:31:30,Speaker3
attention.,00:00:31:30,00:00:32:11,Speaker3
Someone,00:00:32:13,00:00:33:05,Speaker1
or,00:00:33:05,00:00:33:14,Speaker1
something,00:00:33:14,00:00:33:37,Speaker1
has,00:00:33:37,00:00:33:46,Speaker1
exceeded,00:00:33:46,00:00:34:24,Speaker1
our,00:00:35:34,00:00:35:45,Speaker1
distress,00:00:35:45,00:00:36:05,Speaker1
signal.,00:00:36:05,00:00:36:23,Speaker1
Relays,00:00:36:23,00:00:36:39,Speaker1
have,00:00:36:39,00:00:36:45,Speaker1
been,00:00:36:45,00:00:36:54,Speaker1
activated.,00:00:36:54,00:00:37:19,Speaker1
We've,00:00:37:19,00:00:37:26,Speaker1
been,00:00:37:26,00:00:37:33,Speaker1
given,00:00:37:33,00:00:37:42,Speaker1
a,00:00:37:42,00:00:37:48,Speaker1
direction,00:00:37:48,00:00:38:09,Speaker1
to,00:00:38:09,00:00:38:15,Speaker1
follow.,00:00:38:15,00:00:38:29,Speaker1
But,00:00:38:29,00:00:38:38,Speaker1
how?,00:00:38:38,00:00:39:12,Speaker1
What's,00:00:40:20,00:00:40:42,Speaker1
causing,00:00:40:42,00:00:41:07,Speaker1
it?,00:00:41:07,00:00:41:27,Speaker1
I,00:00:41:28,00:00:41:52,Speaker3
do,00:00:41:52,00:00:41:59,Speaker3
not,00:00:41:59,00:00:42:12,Speaker3
know.,00:00:42:12,00:00:42:42,Speaker3
Not,00:00:44:12,00:00:44:23,Speaker3
even,00:00:44:23,00:00:44:34,Speaker3
a,00:00:44:34,00:00:44:39,Speaker3
Vulcan,00:00:44:39,00:00:45:04,Speaker3
can,00:00:45:04,00:00:45:21,Speaker3
know,00:00:45:21,00:00:45:40,Speaker3
the,00:00:45:40,00:00:45:51,Speaker3
unknown,00:00:45:51,00:00:46:25,Speaker3
captain.,00:00:46:25,00:00:47:03,Speaker3
We,00:00:47:09,00:00:47:37,Speaker3
are,00:00:47:37,00:00:47:54,Speaker3
hundreds,00:00:47:54,00:00:48:19,Speaker3
of,00:00:48:19,00:00:48:26,Speaker3
light,00:00:48:26,00:00:48:40,Speaker3
years,00:00:48:42,00:00:49:11,Speaker3
past,00:00:49:11,00:00:49:33,Speaker3
where,00:00:49:33,00:00:49:49,Speaker3
any,00:00:49:49,00:00:50:03,Speaker3
Earth,00:00:50:03,00:00:50:19,Speaker3
ship,00:00:50:19,00:00:50:43,Speaker3
has,00:00:50:43,00:00:51:01,Speaker3
ever,00:00:51:01,00:00:51:15,Speaker3
explored.,00:00:51:15,00:00:51:57,Speaker3
Planet,00:00:52:06,00:00:52:31,Speaker1
dead,00:00:52:31,00:00:52:40,Speaker1
ahead.,00:00:52:40,00:00:52:52,Speaker1
Captain,00:00:52:52,00:00:53:16,Speaker1
becoming,00:00:53:16,00:00:53:43,Speaker1
visual.,00:00:53:43,00:00:54:17,Speaker1
Class-m,00:00:58:56,00:00:59:27,""
"planet,",00:00:59:27,00:00:59:46,""
captain.,00:00:59:46,00:01:00:15,""
Close,00:01:00:40,00:01:00:57,Speaker1
to,00:01:00:57,00:01:01:04,Speaker1
Earth,00:01:01:04,00:01:01:15,Speaker1
conditions.,00:01:01:15,00:01:01:52,Speaker1
With,00:01:01:52,00:01:02:18,Speaker3
two,00:01:02:18,00:01:02:30,Speaker3
very,00:01:02:30,00:01:02:46,Speaker3
important,00:01:02:46,00:01:03:13,Speaker3
exceptions.,00:01:03:13,00:01:03:51,Speaker3
It,00:01:03:51,00:01:04:02,Speaker3
is,00:01:04:02,00:01:04:11,Speaker3
much,00:01:04:11,00:01:04:24,Speaker3
older,00:01:04:24,00:01:04:38,Speaker3
than,00:01:04:38,00:01:04:49,Speaker3
"Earth,",00:01:04:49,00:01:05:19,Speaker3
and,00:01:05:19,00:01:05:45,Speaker3
about,00:01:05:45,00:01:05:57,Speaker3
a,00:01:05:57,00:01:06:01,Speaker3
half,00:01:06:01,00:01:06:12,Speaker3
million,00:01:06:12,00:01:06:30,Speaker3
years,00:01:06:30,00:01:06:42,Speaker3
"ago,",00:01:06:42,00:01:07:02,Speaker3
its,00:01:07:02,00:01:07:13,Speaker3
atmosphere,00:01:07:13,00:01:07:42,Speaker3
was,00:01:07:42,00:01:07:51,Speaker3
totally,00:01:07:51,00:01:08:10,Speaker3
ripped,00:01:08:10,00:01:08:23,Speaker3
away,00:01:08:23,00:01:08:36,Speaker3
by,00:01:08:36,00:01:08:52,Speaker3
some,00:01:08:52,00:01:09:04,Speaker3
sort,00:01:09:04,00:01:09:15,Speaker3
of,00:01:09:15,00:01:09:21,Speaker3
cataclysm.,00:01:09:21,00:01:10:09,Speaker3
The,00:01:10:09,00:01:10:33,Speaker3
planet,00:01:10:33,00:01:10:52,Speaker3
has,00:01:10:52,00:01:11:03,Speaker3
evidently,00:01:11:03,00:01:11:28,Speaker3
been,00:01:11:28,00:01:11:39,Speaker3
dead,00:01:11:39,00:01:11:59,Speaker3
since,00:01:11:59,00:01:12:28,Speaker3
then.,00:01:12:28,00:01:13:00,Speaker3
Sensors,00:01:13:00,00:01:13:51,Speaker3
detect,00:01:13:51,00:01:14:10,Speaker3
no,00:01:14:10,00:01:14:21,Speaker3
life,00:01:14:21,00:01:14:34,Speaker3
of,00:01:14:34,00:01:14:39,Speaker3
any,00:01:14:39,00:01:14:48,Speaker3
kind.,00:01:14:48,00:01:15:26,Speaker3
All,00:01:15:42,00:01:16:11,Speaker3
your,00:01:16:11,00:01:16:25,Speaker3
questions,00:01:16:25,00:01:17:05,Speaker3
will,00:01:17:05,00:01:17:16,Speaker3
be,00:01:17:16,00:01:17:27,Speaker3
answered,00:01:17:27,00:01:17:55,Speaker3
in,00:01:17:55,00:01:18:06,Speaker3
"time,",00:01:18:06,00:01:18:35,Speaker3
Captain,00:01:18:35,00:01:19:06,Speaker3
Kirk.,00:01:19:06,00:01:19:42,Speaker3
Are,00:01:23:33,00:01:23:42,Speaker1
your,00:01:23:42,00:01:23:51,Speaker1
hailing,00:01:23:51,00:01:24:05,Speaker1
frequencies,00:01:24:05,00:01:24:32,Speaker1
open?,00:01:24:32,00:01:24:57,Speaker1
"No,",00:01:26:12,00:01:26:25,Speaker3
"sir,",00:01:26:25,00:01:26:37,Speaker3
I,00:01:26:39,00:01:27:06,Speaker3
am,00:01:27:06,00:01:27:31,Speaker3
Sargon.,00:01:27:31,00:01:28:25,Speaker3
It,00:01:28:40,00:01:28:58,Speaker3
is,00:01:28:58,00:01:29:09,Speaker3
the,00:01:29:09,00:01:29:18,Speaker3
energy,00:01:29:18,00:01:29:45,Speaker3
of,00:01:29:45,00:01:29:52,Speaker3
my,00:01:29:52,00:01:30:04,Speaker3
thoughts,00:01:30:04,00:01:30:28,Speaker3
which,00:01:30:28,00:01:30:44,Speaker3
has,00:01:30:44,00:01:30:53,Speaker3
touched,00:01:30:53,00:01:31:13,Speaker3
your,00:01:31:13,00:01:31:29,Speaker3
instruments,00:01:31:29,00:01:32:03,Speaker3
and,00:01:32:03,00:01:32:12,Speaker3
directed,00:01:32:12,00:01:32:43,Speaker3
you,00:01:32:43,00:01:32:54,Speaker3
here.,00:01:32:55,00:01:33:31,Speaker3
"Now,",00:01:33:57,00:01:34:22,Speaker3
with,00:01:34:22,00:01:34:33,Speaker3
this,00:01:34:33,00:01:34:49,Speaker3
closer,00:01:34:49,00:01:35:16,Speaker3
"distance,",00:01:35:16,00:01:35:50,Speaker3
I,00:01:35:50,00:01:36:01,Speaker3
can,00:01:36:01,00:01:36:15,Speaker3
speak,00:01:36:15,00:01:36:35,Speaker3
to,00:01:36:35,00:01:36:42,Speaker3
you,00:01:36:42,00:01:37:06,Speaker3
at,00:01:37:06,00:01:37:15,Speaker3
last.,00:01:37:15,00:01:37:56,Speaker3
Who,00:01:37:58,00:01:38:09,Speaker1
are,00:01:38:09,00:01:38:18,Speaker1
you?,00:01:38:18,00:01:38:28,Speaker1
Sagar.,00:01:38:30,00:01:38:54,Speaker1
Please,00:01:39:35,00:01:40:02,Speaker3
assume,00:01:40:02,00:01:40:34,Speaker3
a,00:01:40:34,00:01:40:38,Speaker3
standard,00:01:40:38,00:01:41:16,Speaker3
orbit,00:01:41:16,00:01:41:36,Speaker3
about,00:01:41:36,00:01:41:55,Speaker3
our,00:01:41:55,00:01:42:06,Speaker3
planet.,00:01:42:06,00:01:42:28,Speaker3
Captain.,00:01:42:28,00:01:43:07,Speaker1
Is,00:01:43:15,00:01:43:27,Speaker1
that,00:01:43:27,00:01:43:36,Speaker1
a,00:01:43:36,00:01:43:42,Speaker1
request,00:01:43:42,00:01:44:14,Speaker1
or,00:01:44:14,00:01:44:23,Speaker1
demand?,00:01:44:23,00:01:44:57,Speaker1
The,00:01:45:22,00:01:45:31,Speaker3
choice,00:01:45:31,00:01:46:06,Speaker3
is,00:01:46:06,00:01:46:20,Speaker3
yours.,00:01:46:20,00:01:47:03,Speaker3
I,00:01:47:03,00:01:47:21,Speaker3
read,00:01:47:21,00:01:47:37,Speaker3
what,00:01:47:37,00:01:47:50,Speaker3
is,00:01:47:50,00:01:47:59,Speaker3
in,00:01:47:59,00:01:48:10,Speaker3
your,00:01:48:10,00:01:48:22,Speaker3
mind.,00:01:48:22,00:01:48:58,Speaker3
Words,00:01:49:06,00:01:49:51,Speaker3
are,00:01:49:51,00:01:50:05,Speaker3
unnecessary.,00:01:50:05,00:01:51:08,Speaker3
The,00:01:52:04,00:01:52:13,Speaker1
planet,00:01:52:13,00:01:52:43,Speaker1
is,00:01:53:16,00:01:53:25,Speaker1
dead.,00:01:53:25,00:01:53:36,Speaker1
There's,00:01:53:37,00:01:53:46,Speaker1
no,00:01:53:46,00:01:53:55,Speaker1
possibility,00:01:53:55,00:01:54:30,Speaker1
of,00:01:54:30,00:01:54:35,Speaker1
life,00:01:54:35,00:01:54:51,Speaker1
there,00:01:54:51,00:01:55:15,Speaker1
as,00:01:55:15,00:01:55:36,Speaker1
we,00:01:55:36,00:01:55:43,Speaker1
understand,00:01:55:43,00:01:56:10,Speaker1
life.,00:01:56:10,00:01:56:30,Speaker1
I,00:01:57:33,00:01:57:49,Speaker3
am,00:01:57:49,00:01:58:02,Speaker3
as,00:01:58:02,00:01:58:15,Speaker3
dead.,00:01:58:15,00:01:59:00,Speaker3
As,00:01:59:16,00:01:59:37,""
my,00:01:59:37,00:01:59:55,""
planet.,00:01:59:55,00:02:00:35,""
Does,00:02:03:08,00:02:03:26,Speaker3
that,00:02:03:26,00:02:03:44,Speaker3
frighten,00:02:03:44,00:02:04:07,Speaker3
"you,",00:02:04:07,00:02:04:22,Speaker3
James,00:02:04:22,00:02:04:49,Speaker3
Kirk?,00:02:04:49,00:02:05:27,Speaker3
Or,00:02:05:43,00:02:05:59,Speaker3
if,00:02:05:59,00:02:06:08,Speaker3
it,00:02:06:08,00:02:06:15,Speaker3
"does,",00:02:06:15,00:02:07:07,Speaker3
if,00:02:07:16,00:02:07:49,Speaker3
you,00:02:07:49,00:02:08:03,Speaker3
let,00:02:08:03,00:02:08:27,Speaker3
what,00:02:08:27,00:02:08:43,Speaker3
is,00:02:08:43,00:02:08:52,Speaker3
left,00:02:08:52,00:02:09:19,Speaker3
of,00:02:09:19,00:02:09:30,Speaker3
me,00:02:09:30,00:02:09:53,Speaker3
"perish,",00:02:09:53,00:02:10:38,Speaker3
then,00:02:10:43,00:02:11:19,Speaker3
all,00:02:11:19,00:02:11:45,Speaker3
of,00:02:11:45,00:02:11:54,Speaker3
"you,",00:02:11:54,00:02:12:15,Speaker3
my,00:02:12:15,00:02:12:33,Speaker3
"children,",00:02:12:33,00:02:13:25,Speaker3
all,00:02:13:34,00:02:14:14,Speaker3
of,00:02:14:14,00:02:14:27,Speaker3
mankind,00:02:14:27,00:02:15:48,Speaker3
must,00:02:15:48,00:02:16:25,Speaker3
perish,00:02:16:25,00:02:17:07,Speaker3
too.,00:02:17:07,00:02:17:48,Speaker3
Space.,00:02:32:13,00:02:33:32,Speaker1
The,00:02:33:39,00:02:33:50,Speaker1
final,00:02:33:50,00:02:34:13,Speaker1
frontier.,00:02:34:13,00:02:35:02,Speaker1
These,00:02:41:12,00:02:41:49,""
are,00:02:41:49,00:02:41:57,""
the.,00:02:41:57,00:02:42:02,""
Voyages,00:02:42:02,00:02:42:33,Speaker1
of,00:02:42:33,00:02:42:42,Speaker1
the,00:02:42:42,00:02:42:47,Speaker1
Starship.,00:02:42:47,00:02:43:37,Speaker1
Enterprise.,00:02:43:37,00:02:44:49,""
Its,00:02:45:33,00:02:46:01,""
five,00:02:46:01,00:02:46:18,""
year,00:02:46:18,00:02:46:28,""
mission,00:02:46:28,00:02:47:04,""
to,00:02:47:04,00:02:47:30,""
explore,00:02:47:30,00:02:48:09,""
strange,00:02:48:09,00:02:48:38,""
new,00:02:48:38,00:02:48:43,""
worlds.,00:02:48:43,00:02:48:52,""
To,00:02:49:59,00:02:50:08,""
seek,00:02:50:08,00:02:50:22,""
out,00:02:50:22,00:02:50:33,""
new,00:02:50:33,00:02:50:48,""
life.,00:02:50:48,00:02:51:18,""
And,00:02:51:18,00:02:51:29,Speaker1
new,00:02:51:29,00:02:51:42,Speaker1
civilizations.,00:02:51:42,00:02:52:59,Speaker1
To,00:02:53:53,00:02:54:07,Speaker1
boldly,00:02:54:07,00:02:54:34,Speaker1
go,00:02:54:34,00:02:54:54,Speaker1
where,00:02:54:54,00:02:55:07,Speaker1
no,00:02:55:07,00:02:55:23,Speaker1
man,00:02:55:23,00:02:55:41,Speaker1
has,00:02:55:41,00:02:55:54,Speaker1
gone,00:02:55:54,00:02:56:06,Speaker1
before.,00:02:56:06,00:02:56:53,Speaker1
Oh.,00:03:03:35,00:03:04:51,""
Oh,00:03:17:46,00:03:18:30,""
oh.,00:03:19:15,00:03:20:55,""
Captain's,00:03:38:13,00:03:38:40,Speaker1
"log,",00:03:38:40,00:03:38:58,Speaker1
stardate,00:03:38:58,00:03:39:24,Speaker1
4760,00:03:39:24,00:03:40:23,Speaker1
8.3.,00:03:40:23,00:03:41:19,Speaker1
The,00:03:41:26,00:03:41:51,Speaker1
enterprise,00:03:41:51,00:03:42:33,Speaker1
is,00:03:42:33,00:03:42:47,Speaker1
in,00:03:42:47,00:03:42:56,Speaker1
orbit,00:03:42:56,00:03:43:14,Speaker1
above,00:03:43:14,00:03:43:32,Speaker1
a,00:03:43:32,00:03:43:37,Speaker1
planet,00:03:43:37,00:03:44:01,Speaker1
whose,00:03:44:01,00:03:44:17,Speaker1
surface,00:03:44:17,00:03:44:42,Speaker1
our,00:03:44:42,00:03:44:51,Speaker1
sensors,00:03:44:51,00:03:45:16,Speaker1
tell,00:03:45:16,00:03:45:29,Speaker1
"us,",00:03:45:29,00:03:45:43,Speaker1
is,00:03:45:43,00:03:46:00,Speaker1
devoid,00:03:46:00,00:03:46:30,Speaker1
of,00:03:46:30,00:03:46:37,Speaker1
all,00:03:46:37,00:03:46:52,Speaker1
life.,00:03:46:52,00:03:47:28,Speaker1
A,00:03:47:48,00:03:48:04,Speaker1
world,00:03:48:04,00:03:48:25,Speaker1
destroyed,00:03:48:25,00:03:49:07,Speaker1
and,00:03:49:07,00:03:49:19,Speaker1
dead,00:03:49:19,00:03:49:43,Speaker1
for,00:03:49:43,00:03:49:54,Speaker1
at,00:03:49:54,00:03:49:59,Speaker1
least,00:03:49:59,00:03:50:13,Speaker1
a,00:03:50:13,00:03:50:19,Speaker1
half,00:03:50:19,00:03:50:31,Speaker1
a,00:03:50:31,00:03:50:43,Speaker1
million,00:03:50:43,00:03:50:55,Speaker1
years.,00:03:50:55,00:03:51:40,Speaker1
Yet,00:03:51:47,00:03:52:21,Speaker1
from,00:03:52:21,00:03:52:39,Speaker1
it,00:03:52:39,00:03:52:48,Speaker1
comes,00:03:52:48,00:03:53:10,Speaker1
a,00:03:53:10,00:03:53:17,Speaker1
"voice,",00:03:53:17,00:03:54:13,Speaker1
the,00:03:54:13,00:03:54:38,Speaker1
energy,00:03:54:38,00:03:55:03,Speaker1
of,00:03:55:03,00:03:55:14,Speaker1
pure,00:03:55:14,00:03:55:37,Speaker1
thought,00:03:55:37,00:03:56:04,Speaker1
telling,00:03:56:04,00:03:56:28,Speaker1
us,00:03:56:28,00:03:56:46,Speaker1
something,00:03:56:46,00:03:57:25,Speaker1
has,00:03:57:25,00:03:57:36,Speaker1
survived,00:03:57:36,00:03:58:05,Speaker1
here,00:03:58:05,00:03:58:23,Speaker1
for,00:03:58:23,00:03:58:32,Speaker1
those,00:03:58:32,00:03:58:46,Speaker1
thousands,00:03:58:46,00:03:59:15,Speaker1
of,00:03:59:15,00:03:59:22,Speaker1
centuries,00:03:59:22,00:04:00:13,Speaker1
since,00:04:00:27,00:04:01:01,Speaker1
exploration,00:04:01:01,00:04:01:59,Speaker1
and,00:04:01:59,00:04:02:22,Speaker1
contact,00:04:02:22,00:04:02:55,Speaker1
with,00:04:02:55,00:04:03:07,Speaker1
alien,00:04:03:07,00:04:03:27,Speaker1
intelligence,00:04:03:27,00:04:04:05,Speaker1
is,00:04:04:05,00:04:04:14,Speaker1
our,00:04:04:14,00:04:04:23,Speaker1
primary,00:04:04:23,00:04:04:50,Speaker1
"mission,",00:04:04:50,00:04:05:08,Speaker1
I've,00:04:05:08,00:04:05:19,Speaker1
decided,00:04:05:19,00:04:05:40,Speaker1
to,00:04:05:40,00:04:05:57,Speaker1
risk,00:04:05:57,00:04:06:18,Speaker1
the,00:04:06:18,00:04:06:40,Speaker1
potential,00:04:06:40,00:04:07:10,Speaker1
dangers,00:04:07:10,00:04:07:46,Speaker1
and,00:04:08:24,00:04:08:51,Speaker1
resume,00:04:08:51,00:04:09:15,Speaker1
contact,00:04:09:15,00:04:09:56,Speaker1
log,00:04:10:12,00:04:10:43,Speaker1
entry,00:04:10:43,00:04:11:03,Speaker1
out.,00:04:11:03,00:04:11:28,Speaker1
How,00:04:12:00,00:04:12:15,Speaker1
long,00:04:12:15,00:04:12:27,Speaker1
before,00:04:12:27,00:04:12:47,Speaker1
Starfleet,00:04:12:47,00:04:13:12,Speaker1
receives,00:04:13:12,00:04:13:34,Speaker1
that?,00:04:13:34,00:04:14:01,Speaker1
Over,00:04:14:58,00:04:15:22,Speaker2
three,00:04:15:22,00:04:15:36,Speaker2
weeks.,00:04:15:36,00:04:15:52,Speaker2
At,00:04:15:52,00:04:16:00,Speaker2
this,00:04:16:00,00:04:16:10,Speaker2
"distance,",00:04:16:10,00:04:16:37,Speaker2
sir.,00:04:16:37,00:04:17:04,Speaker2
Captain.,00:04:17:22,00:04:18:00,""
She.,00:04:18:52,00:04:19:16,""
Got,00:04:21:07,00:04:21:16,""
something.,00:04:21:16,00:04:21:45,""
Sensor,00:04:22:10,00:04:22:34,Speaker3
is,00:04:22:34,00:04:22:41,Speaker3
registering,00:04:22:41,00:04:23:15,Speaker3
some,00:04:23:15,00:04:23:33,Speaker3
form,00:04:23:33,00:04:23:53,Speaker3
of,00:04:23:53,00:04:24:00,Speaker3
energy,00:04:24:00,00:04:24:33,Speaker3
deep,00:04:24:33,00:04:24:56,Speaker3
inside,00:04:24:56,00:04:25:30,Speaker3
the,00:04:25:30,00:04:25:37,Speaker3
planet.,00:04:25:37,00:04:26:08,Speaker3
Your,00:04:26:10,00:04:26:31,Speaker3
probes,00:04:26:31,00:04:26:58,Speaker3
have,00:04:26:58,00:04:27:13,Speaker3
touched,00:04:27:15,00:04:27:36,Speaker3
"me,",00:04:27:36,00:04:27:54,Speaker3
Mr.,00:04:27:54,00:04:28:18,Speaker3
Spock.,00:04:28:18,00:04:28:52,Speaker3
Reading,00:04:30:26,00:04:31:02,Speaker3
energy,00:04:31:02,00:04:31:24,Speaker3
"only,",00:04:31:24,00:04:31:42,Speaker3
captain.,00:04:31:42,00:04:32:12,Speaker3
No,00:04:32:12,00:04:32:41,Speaker3
life,00:04:32:41,00:04:32:57,Speaker3
forms.,00:04:32:57,00:04:33:40,Speaker3
I,00:04:33:46,00:04:34:07,Speaker3
have,00:04:34:07,00:04:34:22,Speaker3
locked,00:04:34:22,00:04:34:42,Speaker3
your,00:04:34:42,00:04:34:54,Speaker3
transporter,00:04:34:54,00:04:35:36,Speaker3
device,00:04:35:36,00:04:35:59,Speaker3
on,00:04:35:59,00:04:36:08,Speaker3
my,00:04:36:08,00:04:36:21,Speaker3
coordinates.,00:04:36:21,00:04:37:22,Speaker3
Please,00:04:37:36,00:04:38:25,Speaker3
come,00:04:38:25,00:04:38:46,Speaker3
to,00:04:38:46,00:04:38:55,Speaker3
us.,00:04:38:55,00:04:39:37,Speaker3
Rescue,00:04:39:37,00:04:40:27,Speaker3
us,00:04:40:27,00:04:40:38,Speaker3
from,00:04:40:38,00:04:40:52,Speaker3
oblivion.,00:04:40:52,00:04:41:39,Speaker3
Coming,00:04:41:48,00:04:42:15,Speaker3
from,00:04:42:15,00:04:42:33,Speaker3
deep,00:04:42:33,00:04:43:11,Speaker3
under,00:04:43:29,00:04:44:07,Speaker3
the,00:04:44:07,00:04:44:14,Speaker3
planet's,00:04:44:14,00:04:44:39,Speaker3
"surface,",00:04:44:39,00:04:45:08,Speaker3
captain.,00:04:45:08,00:04:45:44,Speaker3
Under,00:04:46:16,00:04:46:45,Speaker3
at,00:04:46:45,00:04:46:56,Speaker3
least,00:04:46:56,00:04:47:43,Speaker3
100,00:04:47:59,00:04:49:15,Speaker3
miles,00:04:49:15,00:04:49:45,Speaker3
of,00:04:49:45,00:04:49:56,Speaker3
solid,00:04:49:56,00:04:50:19,Speaker3
"rock,",00:04:50:19,00:04:50:48,Speaker3
we,00:04:50:48,00:04:51:17,Speaker3
will,00:04:51:31,00:04:51:40,Speaker3
make,00:04:51:40,00:04:51:58,Speaker3
it,00:04:51:58,00:04:52:07,Speaker3
possible,00:04:52:07,00:04:52:49,Speaker3
for,00:04:52:49,00:04:52:58,Speaker3
your,00:04:52:58,00:04:53:09,Speaker3
transporter,00:04:53:09,00:04:53:50,Speaker3
to,00:04:53:50,00:04:53:57,Speaker3
beam,00:04:53:57,00:04:54:12,Speaker3
you,00:04:54:12,00:04:54:19,Speaker3
that,00:04:54:19,00:04:54:31,Speaker3
deep,00:04:54:31,00:04:54:42,Speaker3
beneath,00:04:54:42,00:04:55:04,Speaker3
the,00:04:55:04,00:04:55:09,Speaker3
surface.,00:04:55:09,00:04:55:58,Speaker3
Have,00:04:56:10,00:04:56:27,Speaker3
no,00:04:56:27,00:04:56:45,Speaker3
fear.,00:04:56:45,00:04:57:31,Speaker3
Reading,00:04:59:18,00:04:59:46,Speaker3
a,00:04:59:46,00:04:59:52,Speaker3
chamber,00:04:59:52,00:05:00:15,Speaker3
now.,00:05:00:15,00:05:00:51,Speaker3
Oxygen.,00:05:01:38,00:05:02:27,Speaker3
Nitrogen.,00:05:02:27,00:05:03:08,Speaker3
Atmosphere,00:05:03:08,00:05:03:58,Speaker3
suitable,00:05:04:22,00:05:05:14,Speaker3
for,00:05:05:14,00:05:05:28,Speaker3
human,00:05:05:28,00:05:05:50,Speaker3
life,00:05:05:50,00:05:06:06,Speaker3
support.,00:05:06:06,00:05:06:46,Speaker3
I'm,00:05:09:13,00:05:09:26,Speaker1
doctor,00:05:09:26,00:05:09:40,Speaker1
McCoy.,00:05:09:40,00:05:09:55,Speaker1
Report,00:05:09:57,00:05:10:11,Speaker1
to,00:05:10:11,00:05:10:16,Speaker1
the,00:05:10:16,00:05:10:20,Speaker1
transporter,00:05:10:20,00:05:10:56,Speaker1
room,00:05:10:56,00:05:11:27,Speaker1
in,00:05:11:43,00:05:12:01,Speaker1
ten,00:05:12:01,00:05:12:21,Speaker1
minutes,00:05:12:21,00:05:12:42,Speaker1
with,00:05:12:42,00:05:12:58,Speaker1
standard,00:05:12:58,00:05:13:33,Speaker1
landing,00:05:13:33,00:05:14:07,Speaker1
party,00:05:14:07,00:05:14:28,Speaker1
equipment.,00:05:14:28,00:05:15:10,Speaker1
"Yes,",00:05:15:10,00:05:15:26,Speaker1
sir.,00:05:15:26,00:05:15:42,Speaker1
Spock.,00:05:16:11,00:05:16:38,Speaker1
"Captain,",00:05:17:37,00:05:18:06,Speaker3
I,00:05:18:06,00:05:18:37,Speaker3
do,00:05:18:58,00:05:19:18,Speaker3
wish,00:05:19:18,00:05:19:33,Speaker3
to,00:05:19:33,00:05:19:43,Speaker3
inspect,00:05:19:43,00:05:20:12,Speaker3
whatever,00:05:20:12,00:05:20:30,Speaker3
this,00:05:20:30,00:05:20:43,Speaker3
is,00:05:20:43,00:05:21:03,Speaker3
that,00:05:21:03,00:05:21:15,Speaker3
lived,00:05:21:15,00:05:21:31,Speaker3
that,00:05:21:31,00:05:21:44,Speaker3
long,00:05:21:44,00:05:21:57,Speaker3
ago.,00:05:21:57,00:05:22:34,Speaker3
And,00:05:22:36,00:05:22:47,Speaker1
I,00:05:22:47,00:05:22:52,Speaker1
would,00:05:22:52,00:05:23:00,Speaker1
like,00:05:23:00,00:05:23:10,Speaker1
to,00:05:23:10,00:05:23:16,Speaker1
have,00:05:23:16,00:05:23:28,Speaker1
my,00:05:23:28,00:05:23:41,Speaker1
science,00:05:23:41,00:05:24:10,Speaker1
officer,00:05:24:10,00:05:24:33,Speaker1
with,00:05:24:33,00:05:24:44,Speaker1
me,00:05:24:44,00:05:24:51,Speaker1
on,00:05:24:51,00:05:24:58,Speaker1
something,00:05:24:58,00:05:25:22,Speaker1
as,00:05:25:22,00:05:25:38,Speaker1
unusual,00:05:25:38,00:05:26:23,Speaker1
as,00:05:26:23,00:05:26:30,Speaker1
this.,00:05:26:30,00:05:26:54,Speaker1
But,00:05:26:54,00:05:27:12,Speaker1
it,00:05:27:12,00:05:27:19,Speaker1
is,00:05:27:19,00:05:27:26,Speaker1
full,00:05:27:26,00:05:27:35,Speaker1
of,00:05:27:35,00:05:27:40,Speaker1
"unknowns,",00:05:27:40,00:05:28:11,Speaker1
and,00:05:28:11,00:05:28:24,Speaker1
we,00:05:28:24,00:05:28:33,Speaker1
can't,00:05:28:33,00:05:28:49,Speaker1
risk,00:05:28:49,00:05:29:07,Speaker1
both,00:05:29:07,00:05:29:19,Speaker1
of,00:05:29:19,00:05:29:23,Speaker1
us,00:05:29:23,00:05:29:30,Speaker1
being,00:05:29:30,00:05:29:41,Speaker1
off,00:05:29:41,00:05:29:52,Speaker1
the,00:05:29:52,00:05:29:57,Speaker1
ship.,00:05:29:57,00:05:30:24,Speaker1
I'm,00:05:34:37,00:05:34:50,""
not,00:05:34:50,00:05:35:01,""
going,00:05:35:01,00:05:35:15,""
to.,00:05:35:15,00:05:35:30,""
On,00:05:39:07,00:05:39:20,Speaker1
the,00:05:39:20,00:05:39:25,Speaker1
other,00:05:39:25,00:05:39:36,Speaker1
"hand,",00:05:39:36,00:05:40:12,Speaker1
perhaps,00:05:41:03,00:05:41:30,Speaker1
the,00:05:41:30,00:05:41:40,Speaker1
Sargon.,00:05:41:40,00:05:42:36,Speaker1
Would,00:05:42:36,00:05:42:52,""
like,00:05:42:52,00:05:43:03,""
you,00:05:43:03,00:05:43:09,""
to,00:05:43:09,00:05:43:14,""
come,00:05:43:14,00:05:43:25,""
with,00:05:43:25,00:05:43:34,""
us.,00:05:43:34,00:05:44:01,""
Fascinating.,00:05:46:39,00:05:47:30,""
All,00:05:47:55,00:05:48:13,""
"normal,",00:05:48:13,00:05:48:33,""
sir.,00:05:48:33,00:05:48:45,""
No,00:05:48:47,00:05:49:09,Speaker4
damage,00:05:49:09,00:05:49:25,Speaker4
at,00:05:49:25,00:05:49:30,Speaker4
all.,00:05:49:30,00:05:49:55,Speaker4
Let's,00:05:50:33,00:05:50:44,""
see.,00:05:50:44,00:05:51:06,""
Will,00:05:54:15,00:05:54:38,""
you,00:05:54:38,00:05:55:03,""
transport,00:05:55:03,00:05:55:48,""
down,00:05:55:48,00:05:56:04,""
with,00:05:56:04,00:05:56:12,""
"us,",00:05:56:12,00:05:56:17,""
Mr.,00:05:56:17,00:05:56:28,""
Spock?,00:05:56:28,00:05:56:39,""
Evidently,00:05:57:22,00:05:57:51,""
kept.,00:05:57:51,00:05:58:03,""
So,00:05:58:49,00:05:59:11,Speaker1
you,00:05:59:11,00:05:59:22,Speaker1
have,00:05:59:22,00:05:59:33,Speaker1
the,00:05:59:33,00:05:59:38,Speaker1
con.,00:05:59:38,00:06:00:09,Speaker1
Jim.,00:06:08:18,00:06:08:47,Speaker3
Why,00:06:08:47,00:06:08:56,Speaker3
no,00:06:08:56,00:06:09:07,Speaker3
briefing,00:06:09:07,00:06:09:27,Speaker3
on,00:06:09:27,00:06:09:36,Speaker3
this?,00:06:09:36,00:06:09:48,Speaker3
I'd,00:06:09:48,00:06:09:59,Speaker3
at,00:06:09:59,00:06:10:04,Speaker3
least,00:06:10:04,00:06:10:21,Speaker3
like,00:06:10:21,00:06:10:31,Speaker3
to,00:06:10:31,00:06:10:37,Speaker3
know,00:06:10:37,00:06:10:46,Speaker3
what.,00:06:10:46,00:06:10:53,Speaker3
We're,00:06:10:53,00:06:11:04,Speaker1
getting,00:06:11:04,00:06:11:20,Speaker1
"in,",00:06:11:20,00:06:11:27,Speaker1
bones.,00:06:11:40,00:06:11:54,Speaker1
As,00:06:11:54,00:06:12:01,Speaker1
long,00:06:12:01,00:06:12:10,Speaker1
as,00:06:12:10,00:06:12:16,Speaker1
you,00:06:12:16,00:06:12:23,Speaker1
know,00:06:12:23,00:06:12:30,Speaker1
that,00:06:12:30,00:06:12:37,Speaker1
there's,00:06:12:37,00:06:12:48,Speaker1
something,00:06:12:48,00:06:13:12,Speaker1
down,00:06:13:12,00:06:13:24,Speaker1
"there,",00:06:13:24,00:06:13:33,Speaker1
you,00:06:13:33,00:06:13:40,Speaker1
know,00:06:13:40,00:06:13:48,Speaker1
as,00:06:13:48,00:06:13:53,Speaker1
much,00:06:13:53,00:06:14:02,Speaker1
as,00:06:14:02,00:06:14:11,Speaker1
we,00:06:14:11,00:06:14:18,Speaker1
"do,",00:06:14:18,00:06:14:27,Speaker1
the,00:06:14:27,00:06:14:33,Speaker1
rest,00:06:14:33,00:06:14:45,Speaker1
is,00:06:14:45,00:06:14:52,Speaker1
only,00:06:14:52,00:06:15:05,Speaker1
guesses.,00:06:15:05,00:06:15:39,Speaker1
I,00:06:15:39,00:06:15:52,Speaker1
don't,00:06:15:52,00:06:16:03,Speaker1
like,00:06:16:03,00:06:16:15,Speaker1
"it,",00:06:16:15,00:06:16:22,Speaker1
sir.,00:06:16:22,00:06:16:40,Speaker1
The,00:06:17:09,00:06:17:24,Speaker1
transporter,00:06:17:24,00:06:18:03,Speaker1
coordinates,00:06:18:03,00:06:18:41,Speaker1
preset,00:06:18:41,00:06:19:10,Speaker1
by,00:06:19:10,00:06:19:42,Speaker1
an,00:06:20:13,00:06:20:54,Speaker1
alien,00:06:20:54,00:06:21:19,Speaker1
of,00:06:21:19,00:06:21:28,Speaker1
some,00:06:21:28,00:06:21:43,Speaker1
sort.,00:06:21:43,00:06:22:26,Speaker1
You,00:06:22:26,00:06:22:55,Speaker1
could,00:06:22:55,00:06:23:07,Speaker1
materialize,00:06:23:07,00:06:23:56,Speaker1
inside,00:06:23:56,00:06:24:39,Speaker1
solid,00:06:24:39,00:06:24:59,Speaker1
rock.,00:06:24:59,00:06:25:40,Speaker1
Inside,00:06:26:52,00:06:27:39,Speaker3
solid,00:06:27:39,00:06:28:04,Speaker3
rock?,00:06:28:04,00:06:28:51,Speaker3
Unlikely.,00:06:29:00,00:06:29:52,Speaker3
These,00:06:29:52,00:06:30:14,Speaker3
coordinates,00:06:30:14,00:06:30:43,Speaker3
correspond,00:06:30:43,00:06:31:17,Speaker3
with,00:06:31:17,00:06:31:24,Speaker3
the,00:06:31:24,00:06:31:30,Speaker3
location,00:06:31:30,00:06:31:57,Speaker3
of,00:06:31:57,00:06:32:02,Speaker3
the,00:06:32:02,00:06:32:07,Speaker3
subterranean,00:06:32:07,00:06:32:42,Speaker3
chamber.,00:06:32:42,00:06:33:18,Speaker3
And,00:06:34:04,00:06:34:13,Speaker1
I,00:06:34:13,00:06:34:19,Speaker1
have,00:06:34:19,00:06:34:28,Speaker1
a,00:06:34:28,00:06:34:35,Speaker1
feeling,00:06:34:35,00:06:35:00,Speaker1
that,00:06:35:00,00:06:35:29,Speaker1
they.,00:06:35:29,00:06:36:27,Speaker1
Or,00:06:36:27,00:06:37:01,Speaker1
it,00:06:37:01,00:06:37:22,Speaker1
could,00:06:37:22,00:06:37:46,Speaker1
destroy,00:06:37:46,00:06:38:20,Speaker1
us,00:06:38:20,00:06:38:33,Speaker1
just,00:06:38:33,00:06:39:03,Speaker1
standing,00:06:39:03,00:06:39:36,Speaker1
here,00:06:39:36,00:06:39:52,Speaker1
if,00:06:39:52,00:06:40:01,Speaker1
they,00:06:40:01,00:06:40:33,Speaker1
or,00:06:40:33,00:06:40:57,Speaker1
it,00:06:40:57,00:06:41:15,Speaker1
wanted,00:06:41:15,00:06:41:40,Speaker1
to.,00:06:41:40,00:06:42:09,Speaker1
They,00:06:42:12,00:06:42:52,Speaker5
are,00:06:42:52,00:06:43:08,Speaker5
it.,00:06:43:08,00:06:43:44,Speaker5
Who,00:06:54:24,00:06:54:31,""
are,00:06:54:31,00:06:54:37,""
you?,00:06:54:37,00:06:54:58,""
Doctor,00:06:56:01,00:06:56:28,Speaker5
Anne,00:06:56:28,00:06:56:39,Speaker5
Mulhall.,00:06:56:39,00:06:57:08,Speaker5
Astrobiology.,00:06:57:08,00:06:58:02,Speaker5
"Well,",00:07:00:01,00:07:00:12,Speaker5
I,00:07:00:12,00:07:00:31,Speaker5
was,00:07:00:31,00:07:00:46,Speaker5
ordered,00:07:00:46,00:07:01:06,Speaker5
to,00:07:01:06,00:07:01:15,Speaker5
report,00:07:01:15,00:07:01:42,Speaker5
here,00:07:01:42,00:07:02:00,Speaker5
for,00:07:02:00,00:07:02:12,Speaker5
landing,00:07:02:12,00:07:02:36,Speaker5
party,00:07:02:36,00:07:02:54,Speaker5
duty.,00:07:02:54,00:07:03:17,Speaker5
By,00:07:03:58,00:07:04:13,Speaker3
whom?,00:07:04:13,00:07:04:42,Speaker3
Strange.,00:07:07:14,00:07:07:54,""
I'm,00:07:07:54,00:07:08:12,""
not,00:07:08:12,00:07:08:33,""
sure.,00:07:08:33,00:07:09:04,""
"Well,",00:07:11:50,00:07:11:59,Speaker5
I'm,00:07:11:59,00:07:12:06,Speaker5
not,00:07:12:06,00:07:12:17,Speaker5
a,00:07:12:17,00:07:12:22,Speaker5
"liar,",00:07:12:22,00:07:12:42,Speaker5
captain.,00:07:12:42,00:07:13:04,Speaker5
I,00:07:14:03,00:07:14:24,Speaker5
did,00:07:14:24,00:07:14:39,Speaker5
receive,00:07:14:39,00:07:15:00,Speaker5
an,00:07:15:00,00:07:15:07,Speaker5
order,00:07:15:07,00:07:15:22,Speaker5
to,00:07:15:22,00:07:15:31,Speaker5
report,00:07:15:31,00:07:15:56,Speaker5
here,00:07:15:56,00:07:16:09,Speaker5
for,00:07:16:09,00:07:16:19,Speaker5
duty.,00:07:16:19,00:07:16:52,Speaker5
I'm,00:07:16:54,00:07:17:15,Speaker3
sure,00:07:17:15,00:07:17:31,Speaker3
she,00:07:17:31,00:07:17:42,Speaker3
"did,",00:07:17:42,00:07:17:57,Speaker3
captain.,00:07:17:57,00:07:18:29,Speaker3
Just,00:07:18:29,00:07:18:54,Speaker3
as,00:07:18:54,00:07:19:03,Speaker3
you,00:07:19:03,00:07:19:14,Speaker3
received,00:07:19:14,00:07:19:45,Speaker3
an,00:07:19:45,00:07:19:55,Speaker3
order,00:07:19:55,00:07:20:13,Speaker3
to,00:07:20:13,00:07:20:21,Speaker3
bring,00:07:20:21,00:07:20:35,Speaker3
me,00:07:20:35,00:07:20:44,Speaker3
along.,00:07:20:44,00:07:21:20,Speaker3
"Oh,",00:07:23:46,00:07:23:58,Speaker3
yeah.,00:07:23:58,00:07:24:15,Speaker3
"Well,",00:07:27:49,00:07:27:57,Speaker3
let's,00:07:27:57,00:07:28:07,Speaker3
get,00:07:28:07,00:07:28:18,Speaker3
back,00:07:28:18,00:07:28:29,Speaker3
to,00:07:28:29,00:07:28:34,Speaker3
the,00:07:28:34,00:07:28:47,Speaker3
solid,00:07:28:47,00:07:29:12,Speaker3
Rock,00:07:29:12,00:07:29:30,Speaker3
business.,00:07:29:30,00:07:29:54,Speaker3
"Now,",00:07:29:55,00:07:30:04,Speaker3
just,00:07:30:04,00:07:30:15,Speaker3
how,00:07:30:15,00:07:30:22,Speaker3
much,00:07:30:22,00:07:30:37,Speaker3
rock,00:07:30:37,00:07:31:02,Speaker3
are,00:07:31:02,00:07:31:09,Speaker3
we,00:07:31:09,00:07:31:13,Speaker3
going,00:07:31:15,00:07:31:27,Speaker3
to,00:07:31:27,00:07:31:33,Speaker3
go,00:07:31:33,00:07:31:42,Speaker3
through?,00:07:31:42,00:07:32:05,Speaker3
Approximately,00:07:32:07,00:07:32:43,Speaker3
112.37,00:07:32:43,00:07:34:42,Speaker3
"miles,",00:07:34:42,00:07:35:09,Speaker3
doctor.,00:07:35:09,00:07:35:41,Speaker3
Miles.,00:07:36:13,00:07:37:11,Speaker3
Are,00:07:39:30,00:07:39:53,Speaker3
you,00:07:39:53,00:07:40:06,Speaker3
joking?,00:07:40:06,00:07:40:54,Speaker3
No,00:07:42:58,00:07:43:25,Speaker1
we're,00:07:43:25,00:07:43:33,Speaker1
not.,00:07:43:33,00:07:44:03,Speaker1
Let's,00:07:44:07,00:07:44:34,Speaker1
go.,00:07:44:34,00:07:45:04,Speaker1
Please,00:07:48:11,00:07:48:40,Speaker3
stand,00:07:48:40,00:07:49:00,Speaker3
ready.,00:07:49:00,00:07:49:34,Speaker3
I,00:07:49:34,00:07:49:52,Speaker3
will,00:07:49:52,00:07:50:03,Speaker3
operate,00:07:50:03,00:07:50:28,Speaker3
your,00:07:50:28,00:07:50:40,Speaker3
controls.,00:07:50:40,00:07:51:43,Speaker3
"Doctor,",00:07:53:42,00:07:54:11,Speaker1
if,00:07:55:37,00:07:55:48,Speaker1
you,00:07:55:48,00:07:55:59,Speaker1
prefer,00:07:55:59,00:07:56:13,Speaker1
to,00:07:56:13,00:07:56:19,Speaker1
stay,00:07:56:19,00:07:56:30,Speaker1
behind.,00:07:56:30,00:07:57:13,Speaker1
"No,",00:07:57:52,00:07:58:48,Speaker3
no.,00:07:59:53,00:08:00:06,Speaker3
If,00:08:00:06,00:08:00:13,Speaker3
I'd,00:08:00:13,00:08:00:22,Speaker3
be,00:08:00:22,00:08:00:29,Speaker3
useful.,00:08:00:29,00:08:00:56,Speaker3
As,00:08:00:56,00:08:01:10,Speaker3
long,00:08:01:10,00:08:01:27,Speaker3
as,00:08:01:27,00:08:01:43,Speaker3
you're,00:08:01:43,00:08:01:59,Speaker3
going,00:08:01:59,00:08:02:12,Speaker3
"down,",00:08:02:12,00:08:02:24,Speaker3
I,00:08:02:24,00:08:02:30,Speaker3
might,00:08:02:30,00:08:02:39,Speaker3
as,00:08:02:39,00:08:02:46,Speaker3
well,00:08:02:46,00:08:02:58,Speaker3
take,00:08:02:58,00:08:03:11,Speaker3
a,00:08:03:11,00:08:03:18,Speaker3
medical,00:08:03:18,00:08:03:42,Speaker3
look,00:08:03:42,00:08:03:56,Speaker3
at,00:08:03:56,00:08:04:01,Speaker3
whatever,00:08:04:01,00:08:04:21,Speaker3
this,00:08:04:21,00:08:04:36,Speaker3
is.,00:08:04:36,00:08:05:03,Speaker3
Captain.,00:08:22:37,00:08:23:03,Speaker3
The,00:08:23:15,00:08:23:21,Speaker3
security,00:08:23:21,00:08:23:44,Speaker3
guards.,00:08:23:44,00:08:24:18,Speaker3
Okay.,00:08:26:52,00:08:27:18,Speaker1
Can,00:08:27:30,00:08:27:50,Speaker1
you,00:08:27:50,00:08:27:55,Speaker1
read,00:08:27:55,00:08:28:06,Speaker1
"me,",00:08:28:06,00:08:28:12,Speaker1
captain?,00:08:28:13,00:08:28:44,Speaker1
Yes.,00:08:29:49,00:08:30:14,Speaker1
Scotty,00:08:30:14,00:08:30:36,Speaker1
and,00:08:30:36,00:08:30:43,Speaker1
I,00:08:30:43,00:08:30:48,Speaker1
shouldn't,00:08:30:48,00:08:31:03,Speaker1
be,00:08:31:03,00:08:31:10,Speaker1
able,00:08:31:10,00:08:31:22,Speaker1
to,00:08:31:22,00:08:31:31,Speaker1
this,00:08:31:31,00:08:31:40,Speaker1
deep,00:08:31:40,00:08:31:51,Speaker1
inside,00:08:31:51,00:08:32:07,Speaker1
the,00:08:32:07,00:08:32:15,Speaker1
planet.,00:08:32:15,00:08:32:34,Speaker1
But,00:08:32:34,00:08:32:42,Speaker1
perhaps,00:08:32:42,00:08:32:58,Speaker1
that's,00:08:32:58,00:08:33:09,Speaker1
been,00:08:33:09,00:08:33:16,Speaker1
arranged,00:08:33:16,00:08:33:32,Speaker1
for,00:08:33:32,00:08:33:43,Speaker1
"us,",00:08:33:43,00:08:33:52,Speaker1
too.,00:08:33:52,00:08:34:33,Speaker1
Is,00:08:34:35,00:08:34:48,Speaker1
the,00:08:34:48,00:08:34:53,Speaker1
security,00:08:34:53,00:08:35:16,Speaker1
guard,00:08:35:16,00:08:35:27,Speaker1
up,00:08:35:27,00:08:35:34,Speaker1
there?,00:08:35:34,00:08:36:00,Speaker1
You're,00:08:36:01,00:08:36:23,Speaker1
"fine,",00:08:36:23,00:08:36:39,Speaker1
captain.,00:08:36:39,00:08:37:15,Speaker1
They,00:08:37:15,00:08:37:28,Speaker1
just,00:08:37:28,00:08:37:39,Speaker1
didn't,00:08:37:39,00:08:38:00,Speaker1
dematerialise.,00:08:38:00,00:08:39:14,Speaker1
I,00:08:39:16,00:08:39:32,Speaker1
don't,00:08:39:32,00:08:39:45,Speaker1
like,00:08:39:45,00:08:39:55,Speaker1
"it,",00:08:39:55,00:08:40:03,Speaker1
sir.,00:08:40:03,00:08:40:22,Speaker1
"Oh,",00:08:40:30,00:08:40:44,Speaker1
no,00:08:40:44,00:08:41:04,Speaker1
problem,00:08:41:04,00:08:41:40,Speaker1
yet.,00:08:41:40,00:08:42:21,Speaker1
Maintain,00:08:42:21,00:08:43:04,Speaker1
alert.,00:08:43:04,00:08:43:26,Speaker1
Kirk,00:08:43:26,00:08:43:40,Speaker1
out.,00:08:43:42,00:08:43:57,Speaker1
Atmosphere.,00:08:45:00,00:08:45:27,Speaker5
Report.,00:08:45:27,00:08:45:48,Speaker5
Captain.,00:08:45:48,00:08:46:37,Speaker5
A,00:08:46:48,00:08:47:04,Speaker5
fraction,00:08:47:04,00:08:48:16,Speaker5
richer,00:08:48:16,00:08:48:52,Speaker5
in,00:08:48:52,00:08:49:01,Speaker5
oxygen,00:08:49:01,00:08:49:28,Speaker5
than,00:08:49:28,00:08:49:37,Speaker5
usual,00:08:49:37,00:08:49:57,Speaker5
for,00:08:49:57,00:08:50:06,Speaker5
"us,",00:08:50:06,00:08:50:13,Speaker5
but,00:08:50:13,00:08:50:22,Speaker5
otherwise,00:08:50:22,00:08:50:45,Speaker5
normal.,00:08:50:45,00:08:51:07,Speaker5
This,00:08:51:32,00:08:51:46,Speaker3
vault,00:08:51:46,00:08:52:08,Speaker3
was,00:08:52:08,00:08:52:22,Speaker3
constructed,00:08:52:22,00:08:53:00,Speaker3
about,00:08:53:00,00:08:53:16,Speaker3
a,00:08:53:16,00:08:53:20,Speaker3
half,00:08:53:20,00:08:53:33,Speaker3
million,00:08:53:33,00:08:53:52,Speaker3
years,00:08:53:52,00:08:54:05,Speaker3
ago.,00:08:54:05,00:08:54:45,Speaker3
About,00:08:55:10,00:08:55:24,Speaker3
the,00:08:55:24,00:08:55:31,Speaker3
same,00:08:55:31,00:08:55:48,Speaker3
time,00:08:55:48,00:08:56:04,Speaker3
the,00:08:56:04,00:08:56:09,Speaker3
planet's,00:08:56:09,00:08:56:29,Speaker3
surface,00:08:56:29,00:08:56:47,Speaker3
was,00:08:56:47,00:08:57:00,Speaker3
destroyed.,00:08:57:00,00:08:57:27,Speaker3
If,00:08:57:27,00:08:57:36,Speaker3
our,00:08:57:36,00:08:57:45,Speaker3
sensor,00:08:57:45,00:08:58:08,Speaker3
readings,00:08:58:08,00:08:58:26,Speaker3
are,00:08:58:26,00:08:58:33,Speaker3
accurate.,00:08:58:33,00:08:59:11,Speaker3
Composition,00:08:59:11,00:09:00:03,Speaker1
of,00:09:00:03,00:09:00:10,Speaker1
walls.,00:09:00:10,00:09:00:43,Speaker1
There,00:09:01:15,00:09:01:28,Speaker3
are,00:09:01:28,00:09:01:31,Speaker3
an,00:09:01:31,00:09:01:42,Speaker3
alloy,00:09:01:42,00:09:02:06,Speaker3
or,00:09:02:06,00:09:02:13,Speaker3
a,00:09:02:13,00:09:02:16,Speaker3
substance,00:09:02:16,00:09:02:45,Speaker3
completely,00:09:02:45,00:09:03:16,Speaker3
unknown,00:09:03:16,00:09:03:39,Speaker3
to,00:09:03:39,00:09:03:45,Speaker3
me.,00:09:03:45,00:09:03:59,Speaker3
Much,00:09:03:59,00:09:04:15,Speaker3
stronger,00:09:04:15,00:09:04:53,Speaker3
and,00:09:04:53,00:09:05:13,Speaker3
harder,00:09:05:13,00:09:05:45,Speaker3
than,00:09:05:45,00:09:06:07,Speaker3
anything,00:09:06:07,00:09:06:36,Speaker3
I've,00:09:06:36,00:09:06:45,Speaker3
measured,00:09:06:45,00:09:07:01,Speaker3
before.,00:09:07:01,00:09:07:46,Speaker3
All,00:09:08:18,00:09:08:34,Speaker5
readings,00:09:08:34,00:09:08:58,Speaker5
are,00:09:08:58,00:09:09:09,Speaker5
off,00:09:09:09,00:09:09:19,Speaker5
the,00:09:09:19,00:09:09:27,Speaker5
"scale,",00:09:09:27,00:09:09:48,Speaker5
captain.,00:09:09:48,00:09:10:24,Speaker5
The,00:09:11:27,00:09:11:38,Speaker3
air,00:09:11:38,00:09:11:49,Speaker3
seems,00:09:11:51,00:09:12:09,Speaker3
fresh.,00:09:12:09,00:09:12:30,Speaker3
It,00:09:12:30,00:09:12:36,Speaker3
must,00:09:12:36,00:09:12:50,Speaker3
be,00:09:12:50,00:09:13:01,Speaker3
recirculated,00:09:13:01,00:09:13:49,Speaker3
somehow.,00:09:13:49,00:09:14:31,Speaker3
Is,00:09:14:51,00:09:15:05,Speaker1
that,00:09:15:05,00:09:15:14,Speaker1
for,00:09:15:14,00:09:15:27,Speaker1
"us,",00:09:15:27,00:09:15:48,Speaker1
or,00:09:15:48,00:09:15:59,Speaker1
does,00:09:15:59,00:09:16:24,Speaker1
it,00:09:16:24,00:09:16:49,Speaker1
need,00:09:16:49,00:09:17:22,Speaker1
fresh,00:09:17:22,00:09:17:47,Speaker1
air?,00:09:17:47,00:09:18:23,Speaker1
Welcome.,00:09:34:23,00:09:35:24,""
I,00:09:37:37,00:09:37:57,""
am,00:09:37:57,00:09:38:08,""
saga.,00:09:38:08,00:09:38:39,""
Would,00:09:46:01,00:09:46:12,Speaker3
it,00:09:46:12,00:09:46:21,Speaker3
harm,00:09:46:21,00:09:46:36,Speaker3
you,00:09:46:36,00:09:46:57,Speaker3
if,00:09:46:57,00:09:47:15,Speaker3
I.,00:09:47:15,00:09:47:35,Speaker3
You,00:09:47:49,00:09:48:07,Speaker3
may,00:09:48:07,00:09:48:18,Speaker3
use,00:09:48:18,00:09:48:34,Speaker3
your,00:09:48:34,00:09:48:45,Speaker3
"tricorder,",00:09:48:45,00:09:49:19,Speaker3
Mr.,00:09:49:19,00:09:49:39,Speaker3
Spock.,00:09:49:39,00:09:50:22,Speaker3
Your,00:09:50:42,00:09:51:06,Speaker3
readings,00:09:51:06,00:09:51:29,Speaker3
will,00:09:51:29,00:09:51:40,Speaker3
show,00:09:51:40,00:09:52:03,Speaker3
"energy,",00:09:52:03,00:09:52:57,Speaker3
but,00:09:52:57,00:09:53:12,Speaker3
no,00:09:53:12,00:09:53:30,Speaker3
substance.,00:09:53:30,00:09:54:29,Speaker3
Sealed,00:09:55:03,00:09:55:25,Speaker3
in,00:09:55:25,00:09:55:32,Speaker3
this,00:09:55:32,00:09:55:46,Speaker3
receptacle,00:09:55:46,00:09:56:51,Speaker3
is,00:09:56:51,00:09:57:13,Speaker3
the,00:09:57:13,00:09:57:22,Speaker3
essence,00:09:57:22,00:09:57:45,Speaker3
of,00:09:57:45,00:09:57:54,Speaker3
my,00:09:57:54,00:09:58:09,Speaker3
mind.,00:09:58:09,00:09:58:52,Speaker3
Pure,00:10:01:06,00:10:01:31,Speaker3
energy.,00:10:01:31,00:10:02:20,Speaker3
Matter,00:10:02:22,00:10:03:03,Speaker3
without,00:10:03:03,00:10:03:28,Speaker3
form.,00:10:03:28,00:10:04:15,Speaker3
Impossible.,00:10:04:21,00:10:05:13,Speaker1
But,00:10:05:57,00:10:06:24,Speaker3
you,00:10:06:24,00:10:06:34,Speaker3
once,00:10:06:34,00:10:06:54,Speaker3
had,00:10:06:54,00:10:07:07,Speaker3
a,00:10:07:07,00:10:07:12,Speaker3
body,00:10:07:12,00:10:07:30,Speaker3
of,00:10:07:30,00:10:07:37,Speaker3
some,00:10:07:37,00:10:07:52,Speaker3
type,00:10:07:52,00:10:08:10,Speaker3
A,00:10:08:37,00:10:08:46,Speaker3
body,00:10:08:46,00:10:09:06,Speaker3
much,00:10:09:06,00:10:09:24,Speaker3
as,00:10:09:24,00:10:09:33,Speaker3
"yours,",00:10:09:33,00:10:09:51,Speaker3
my,00:10:09:51,00:10:10:03,Speaker3
"children,",00:10:10:03,00:10:10:46,Speaker3
although,00:10:10:46,00:10:11:26,Speaker3
our,00:10:11:26,00:10:11:37,Speaker3
minds,00:10:11:37,00:10:12:07,Speaker3
were,00:10:12:07,00:10:12:24,Speaker3
infinitely,00:10:12:24,00:10:12:58,Speaker3
greater.,00:10:12:58,00:10:13:45,Speaker3
That's,00:10:13:46,00:10:14:19,Speaker1
twice,00:10:14:19,00:10:14:57,Speaker1
you've,00:10:14:57,00:10:15:16,Speaker1
referred,00:10:15:16,00:10:15:42,Speaker1
to,00:10:15:42,00:10:15:51,Speaker1
us,00:10:15:51,00:10:16:05,Speaker1
as,00:10:16:05,00:10:16:25,Speaker1
my,00:10:16:25,00:10:16:48,Speaker1
children.,00:10:16:48,00:10:17:37,Speaker1
Because,00:10:17:37,00:10:18:13,Speaker3
it,00:10:18:13,00:10:18:22,Speaker3
is,00:10:18:22,00:10:18:36,Speaker3
possible,00:10:18:36,00:10:19:07,Speaker3
you,00:10:19:07,00:10:19:18,Speaker3
are,00:10:19:18,00:10:19:34,Speaker3
our,00:10:19:34,00:10:19:43,Speaker3
"descendants,",00:10:19:43,00:10:20:17,Speaker3
Captain,00:10:20:17,00:10:20:39,Speaker3
Kirk.,00:10:20:39,00:10:21:13,Speaker3
6000,00:10:21:13,00:10:22:16,Speaker3
centuries,00:10:22:16,00:10:22:43,Speaker3
ago.,00:10:22:43,00:10:23:04,Speaker3
Our,00:10:23:06,00:10:23:22,Speaker3
vessels,00:10:23:22,00:10:23:49,Speaker3
were,00:10:23:49,00:10:24:00,Speaker3
colonizing,00:10:24:00,00:10:24:40,Speaker3
this,00:10:24:40,00:10:24:52,Speaker3
galaxy.,00:10:24:52,00:10:25:41,Speaker3
Just,00:10:25:41,00:10:26:13,Speaker3
as,00:10:26:13,00:10:26:22,Speaker3
your,00:10:26:22,00:10:26:39,Speaker3
own,00:10:26:39,00:10:26:55,Speaker3
starships,00:10:26:55,00:10:27:31,Speaker3
have,00:10:27:31,00:10:27:42,Speaker3
now,00:10:27:42,00:10:27:54,Speaker3
begun,00:10:27:54,00:10:28:14,Speaker3
to,00:10:28:14,00:10:28:27,Speaker3
explore,00:10:28:27,00:10:28:57,Speaker3
that,00:10:28:57,00:10:29:13,Speaker3
vastness,00:10:29:13,00:10:30:09,Speaker3
as,00:10:30:31,00:10:30:56,Speaker3
you,00:10:30:56,00:10:31:05,Speaker3
now,00:10:31:05,00:10:31:23,Speaker3
leave,00:10:31:23,00:10:31:37,Speaker3
your,00:10:31:37,00:10:31:48,Speaker3
own,00:10:31:48,00:10:32:04,Speaker3
seed,00:10:32:04,00:10:32:21,Speaker3
on,00:10:32:21,00:10:32:33,Speaker3
distant,00:10:32:33,00:10:32:55,Speaker3
planets.,00:10:32:55,00:10:33:45,Speaker3
So,00:10:33:45,00:10:34:19,Speaker3
we,00:10:34:19,00:10:34:30,Speaker3
left,00:10:34:30,00:10:34:46,Speaker3
our,00:10:34:46,00:10:35:03,Speaker3
seed,00:10:35:03,00:10:35:19,Speaker3
behind,00:10:35:19,00:10:35:46,Speaker3
us.,00:10:35:46,00:10:36:24,Speaker3
Perhaps,00:10:36:24,00:10:37:00,Speaker3
your,00:10:37:00,00:10:37:12,Speaker3
own,00:10:37:12,00:10:37:27,Speaker3
legends,00:10:37:27,00:10:37:54,Speaker3
of,00:10:37:54,00:10:38:01,Speaker3
an,00:10:38:01,00:10:38:10,Speaker3
Adam,00:10:38:10,00:10:38:26,Speaker3
and,00:10:38:26,00:10:38:40,Speaker3
an,00:10:38:40,00:10:38:51,Speaker3
Eve,00:10:38:51,00:10:39:06,Speaker3
were,00:10:39:06,00:10:39:18,Speaker3
two,00:10:39:18,00:10:39:36,Speaker3
of,00:10:39:36,00:10:39:47,Speaker3
our,00:10:39:47,00:10:40:00,Speaker3
travelers.,00:10:40:00,00:10:40:52,Speaker3
Our,00:10:42:16,00:10:42:31,Speaker5
beliefs,00:10:42:31,00:10:42:56,Speaker5
in,00:10:42:56,00:10:43:03,Speaker5
our,00:10:43:03,00:10:43:16,Speaker5
studies,00:10:43:16,00:10:43:45,Speaker5
indicate,00:10:43:45,00:10:44:19,Speaker5
that,00:10:44:19,00:10:44:55,Speaker5
life,00:10:45:09,00:10:45:51,Speaker5
on,00:10:45:51,00:10:46:03,Speaker5
our,00:10:46:03,00:10:46:14,Speaker5
planet,00:10:46:14,00:10:46:41,Speaker5
Earth,00:10:46:41,00:10:47:35,Speaker5
evolved,00:10:47:37,00:10:48:22,Speaker5
independently.,00:10:48:22,00:10:49:27,Speaker5
That,00:10:49:27,00:10:49:39,Speaker3
would,00:10:49:39,00:10:49:55,Speaker3
"tend,",00:10:49:55,00:10:50:19,Speaker3
"however,",00:10:50:19,00:10:50:46,Speaker3
to,00:10:50:46,00:10:50:57,Speaker3
explain,00:10:50:57,00:10:51:25,Speaker3
certain,00:10:51:25,00:10:51:43,Speaker3
elements,00:10:51:43,00:10:52:12,Speaker3
of,00:10:52:12,00:10:52:21,Speaker3
Vulcan,00:10:52:21,00:10:52:46,Speaker3
prehistory.,00:10:52:46,00:10:53:40,Speaker3
In,00:10:53:42,00:10:54:06,Speaker3
either,00:10:54:06,00:10:54:20,Speaker3
"case,",00:10:54:20,00:10:54:42,Speaker3
I,00:10:54:42,00:10:54:51,Speaker3
do,00:10:54:51,00:10:55:00,Speaker3
not,00:10:55:00,00:10:55:12,Speaker3
know.,00:10:55:12,00:10:55:52,Speaker3
It,00:10:55:52,00:10:56:06,Speaker3
was,00:10:56:06,00:10:56:19,Speaker3
so,00:10:56:19,00:10:56:31,Speaker3
long,00:10:56:31,00:10:56:53,Speaker3
ago,00:10:56:53,00:10:57:18,Speaker3
and,00:10:57:18,00:10:57:27,Speaker3
the,00:10:57:27,00:10:57:34,Speaker3
records,00:10:57:34,00:10:58:00,Speaker3
of,00:10:58:00,00:10:58:07,Speaker3
our,00:10:58:07,00:10:58:18,Speaker3
travels,00:10:58:18,00:10:58:46,Speaker3
were,00:10:58:46,00:10:58:59,Speaker3
lost,00:10:58:59,00:10:59:24,Speaker3
in,00:10:59:24,00:10:59:35,Speaker3
the,00:10:59:35,00:10:59:40,Speaker3
"cataclysm,",00:10:59:40,00:11:00:18,Speaker3
which,00:11:00:18,00:11:00:31,Speaker3
we,00:11:00:31,00:11:00:40,Speaker3
loosened,00:11:00:40,00:11:01:05,Speaker3
upon,00:11:01:05,00:11:01:23,Speaker3
ourselves.,00:11:01:23,00:11:02:24,Speaker3
A,00:11:02:42,00:11:02:49,Speaker1
war.,00:11:02:49,00:11:03:25,Speaker1
A,00:11:03:33,00:11:03:47,Speaker3
struggle,00:11:03:47,00:11:04:16,Speaker3
for,00:11:04:16,00:11:04:27,Speaker3
such,00:11:04:27,00:11:04:45,Speaker3
"goals,",00:11:04:45,00:11:05:26,Speaker3
and,00:11:05:26,00:11:05:48,Speaker3
the,00:11:05:48,00:11:05:57,Speaker3
unleashing,00:11:05:57,00:11:06:33,Speaker3
of,00:11:06:33,00:11:06:42,Speaker3
such,00:11:06:42,00:11:07:03,Speaker3
power,00:11:07:03,00:11:07:41,Speaker3
that,00:11:07:41,00:11:07:57,Speaker3
you,00:11:07:57,00:11:08:06,Speaker3
could,00:11:08:06,00:11:08:17,Speaker3
not,00:11:08:17,00:11:08:28,Speaker3
comprehend.,00:11:08:28,00:11:09:34,Speaker3
And,00:11:09:54,00:11:10:03,Speaker1
perhaps,00:11:10:03,00:11:10:21,Speaker1
your,00:11:10:21,00:11:10:32,Speaker1
intelligence,00:11:10:32,00:11:11:15,Speaker1
wasn't,00:11:11:15,00:11:12:07,Speaker1
so,00:11:12:07,00:11:12:33,Speaker1
great.,00:11:12:33,00:11:13:05,Speaker1
Sargon.,00:11:13:05,00:11:13:36,Speaker1
We,00:11:13:59,00:11:14:24,Speaker1
faced,00:11:14:24,00:11:14:40,Speaker1
a,00:11:14:40,00:11:14:44,Speaker1
similar,00:11:14:44,00:11:15:02,Speaker1
crisis,00:11:15:02,00:11:15:38,Speaker1
in,00:11:15:40,00:11:15:58,Speaker1
our,00:11:15:58,00:11:16:19,Speaker1
early,00:11:16:19,00:11:16:48,Speaker1
nuclear,00:11:16:48,00:11:17:26,Speaker1
age.,00:11:17:26,00:11:18:07,Speaker1
We.,00:11:18:09,00:11:19:01,Speaker1
Found,00:11:19:42,00:11:20:16,Speaker1
the,00:11:20:16,00:11:20:34,Speaker1
wisdom,00:11:20:34,00:11:21:16,Speaker1
not,00:11:21:16,00:11:21:34,Speaker1
to,00:11:21:34,00:11:21:39,Speaker1
destroy,00:11:21:39,00:11:21:59,Speaker1
ourselves.,00:11:21:59,00:11:22:30,Speaker1
And,00:11:22:30,00:11:22:53,Speaker3
we,00:11:22:53,00:11:23:11,Speaker3
survived,00:11:23:11,00:11:23:47,Speaker3
our,00:11:23:47,00:11:24:07,Speaker3
primitive,00:11:24:07,00:11:24:34,Speaker3
nuclear,00:11:24:34,00:11:25:06,Speaker3
"era,",00:11:25:06,00:11:25:22,Speaker3
my,00:11:25:22,00:11:25:39,Speaker3
son.,00:11:25:39,00:11:26:16,Speaker3
But,00:11:26:24,00:11:26:56,Speaker3
there,00:11:26:56,00:11:27:07,Speaker3
comes,00:11:27:07,00:11:27:23,Speaker3
to,00:11:27:23,00:11:27:36,Speaker3
all,00:11:27:36,00:11:28:03,Speaker3
races.,00:11:28:03,00:11:29:04,Speaker3
An,00:11:29:04,00:11:29:38,Speaker3
ultimate,00:11:29:38,00:11:30:12,Speaker3
crisis,00:11:30:12,00:11:31:15,Speaker3
which,00:11:31:15,00:11:31:48,Speaker3
you,00:11:31:48,00:11:31:57,Speaker3
have,00:11:31:57,00:11:32:09,Speaker3
yet,00:11:32:09,00:11:32:20,Speaker3
to,00:11:32:20,00:11:32:27,Speaker3
face.,00:11:32:27,00:11:33:16,Speaker3
I,00:11:35:17,00:11:35:42,Speaker1
don't,00:11:35:42,00:11:35:53,Speaker1
understand.,00:11:35:53,00:11:36:40,Speaker1
One,00:11:36:58,00:11:37:34,Speaker3
day,00:11:37:34,00:11:38:01,Speaker3
our,00:11:38:01,00:11:38:21,Speaker3
minds,00:11:38:21,00:11:38:49,Speaker3
became,00:11:38:49,00:11:39:20,Speaker3
so,00:11:39:20,00:11:39:49,Speaker3
powerful.,00:11:39:49,00:11:40:59,Speaker3
We,00:11:41:06,00:11:41:44,Speaker3
dared,00:11:41:44,00:11:42:25,Speaker3
think,00:11:42:25,00:11:42:49,Speaker3
of,00:11:42:49,00:11:42:58,Speaker3
ourselves,00:11:42:58,00:11:43:41,Speaker3
as,00:11:43:41,00:11:43:57,Speaker3
gods.,00:11:43:57,00:11:44:55,Speaker3
You,00:11:48:39,00:11:49:20,Speaker1
said,00:11:49:20,00:11:49:38,Speaker1
you,00:11:49:38,00:11:49:51,Speaker1
wanted,00:11:49:51,00:11:50:09,Speaker1
our,00:11:50:09,00:11:50:18,Speaker1
help.,00:11:50:18,00:11:50:41,Speaker1
What,00:11:51:15,00:11:51:26,Speaker1
is,00:11:51:26,00:11:51:33,Speaker1
it,00:11:51:33,00:11:51:39,Speaker1
you,00:11:51:39,00:11:51:48,Speaker1
wish?,00:11:51:48,00:11:52:15,Speaker1
I,00:12:03:25,00:12:03:30,""
mean,00:12:03:30,00:12:03:43,""
doctor.,00:12:03:43,00:12:04:10,""
I.,00:12:09:26,00:12:10:13,""
Saigon.,00:12:12:22,00:12:13:11,""
My,00:12:16:43,00:12:16:52,Speaker3
captain,00:12:16:52,00:12:17:14,Speaker3
was,00:12:18:37,00:12:18:49,Speaker3
Jim,00:12:18:49,00:12:19:02,Speaker3
Kirk.,00:12:19:02,00:12:19:29,Speaker3
He,00:12:20:48,00:12:21:13,Speaker3
is,00:12:21:13,00:12:21:58,Speaker3
on.,00:12:22:24,00:12:23:03,Speaker3
The.,00:12:23:56,00:12:24:05,Speaker3
I,00:12:24:05,00:12:24:34,Speaker3
have,00:12:25:31,00:12:26:00,Speaker3
taken.,00:12:26:00,00:12:26:54,Speaker3
His,00:12:27:25,00:12:28:19,""
body,00:12:28:19,00:12:29:00,""
to,00:12:29:00,00:12:29:24,""
demonstrate.,00:12:29:24,00:12:30:43,""
This.,00:12:32:09,00:12:32:25,""
Back,00:12:34:30,00:12:34:46,Speaker3
to,00:12:34:46,00:12:34:53,Speaker3
where,00:12:34:53,00:12:35:04,Speaker3
you,00:12:35:04,00:12:35:13,Speaker3
were,00:12:35:13,00:12:35:27,Speaker3
sergun,00:12:35:27,00:12:36:14,Speaker3
or,00:12:36:14,00:12:36:21,Speaker3
whatever,00:12:36:21,00:12:36:41,Speaker3
you,00:12:36:41,00:12:36:50,Speaker3
are.,00:12:36:50,00:12:37:13,Speaker3
And,00:12:37:13,00:12:37:40,Speaker3
if,00:12:37:40,00:12:37:49,Speaker3
he,00:12:37:49,00:12:37:58,Speaker3
"refuses,",00:12:37:58,00:12:38:34,Speaker3
"doctor,",00:12:38:34,00:12:39:05,Speaker3
what,00:12:39:12,00:12:39:39,Speaker3
do,00:12:39:39,00:12:39:46,Speaker3
you,00:12:39:46,00:12:39:52,Speaker3
propose,00:12:39:52,00:12:40:15,Speaker3
to,00:12:40:15,00:12:40:22,Speaker3
do,00:12:40:22,00:12:40:35,Speaker3
with,00:12:40:35,00:12:40:44,Speaker3
your,00:12:40:44,00:12:40:53,Speaker3
phaser?,00:12:40:53,00:12:41:33,Speaker3
That,00:12:42:09,00:12:42:19,Speaker3
is,00:12:42:19,00:12:42:27,Speaker3
still,00:12:42:27,00:12:42:45,Speaker3
Jim's,00:12:42:45,00:12:43:06,Speaker3
body.,00:12:43:06,00:12:43:39,Speaker3
It's,00:12:59:40,00:13:00:00,""
filling,00:13:00:00,00:13:00:32,""
there,00:13:00:32,00:13:00:46,""
again.,00:13:00:46,00:13:01:17,""
To,00:13:04:04,00:13:04:19,Speaker1
see,00:13:04:19,00:13:05:02,Speaker1
again.,00:13:05:02,00:13:05:49,Speaker1
"Pumping,",00:13:10:28,00:13:11:15,Speaker1
arteries,00:13:11:15,00:13:12:06,Speaker1
surging.,00:13:12:06,00:13:12:54,Speaker1
Love,00:13:13:22,00:13:13:55,""
again.,00:13:13:55,00:13:14:24,""
Half,00:13:18:52,00:13:19:07,""
a,00:13:19:07,00:13:19:23,""
million,00:13:19:23,00:13:19:39,""
years.,00:13:19:39,00:13:20:24,""
To,00:13:23:13,00:13:23:51,""
be,00:13:23:51,00:13:24:40,""
again.,00:13:24:40,00:13:25:21,""
Has,00:13:30:40,00:13:30:53,""
an,00:13:30:53,00:13:31:02,""
excellent,00:13:31:02,00:13:31:29,""
"body,",00:13:31:29,00:13:32:00,""
doctor.,00:13:32:00,00:13:32:12,""
I,00:13:34:34,00:13:34:57,""
compliment,00:13:34:57,00:13:35:33,""
you,00:13:35:33,00:13:35:44,""
both.,00:13:35:44,00:13:36:31,""
On,00:13:37:05,00:13:37:23,Speaker1
the,00:13:37:23,00:13:37:30,Speaker1
condition,00:13:37:30,00:13:38:10,Speaker1
in,00:13:38:10,00:13:38:19,Speaker1
which,00:13:38:19,00:13:38:37,Speaker1
you,00:13:38:37,00:13:38:49,Speaker1
maintained,00:13:38:49,00:13:39:34,Speaker1
it.,00:13:39:34,00:13:39:54,Speaker1
Are,00:13:43:06,00:13:43:09,Speaker3
your,00:13:43:09,00:13:43:18,Speaker3
plans,00:13:43:18,00:13:43:42,Speaker3
for,00:13:43:42,00:13:43:58,Speaker3
it?,00:13:43:58,00:13:44:23,Speaker3
You,00:13:45:12,00:13:45:19,Speaker3
exchange,00:13:45:19,00:13:45:46,Speaker3
places,00:13:45:46,00:13:46:09,Speaker3
again,00:13:46:09,00:13:46:27,Speaker3
when,00:13:46:27,00:13:46:38,Speaker3
you,00:13:46:38,00:13:46:45,Speaker3
wish.,00:13:46:45,00:13:47:10,Speaker3
Have,00:13:48:58,00:13:49:11,Speaker1
no,00:13:49:11,00:13:49:22,Speaker1
fear.,00:13:49:22,00:13:49:49,Speaker1
Your,00:13:50:41,00:13:51:01,Speaker1
captain,00:13:51:01,00:13:51:31,Speaker1
is,00:13:51:31,00:13:51:46,Speaker1
quite,00:13:51:46,00:13:52:04,Speaker1
"unharmed,",00:13:52:04,00:13:52:58,Speaker1
although,00:13:53:03,00:13:53:32,Speaker1
his,00:13:53:32,00:13:53:43,Speaker1
mind.,00:13:53:43,00:13:54:08,Speaker1
Generates,00:13:54:08,00:13:54:48,Speaker3
insufficient.,00:13:54:48,00:13:55:40,Speaker3
Energy,00:13:55:40,00:13:56:36,Speaker1
for,00:13:56:50,00:13:57:06,Speaker1
him,00:13:57:06,00:13:57:19,Speaker1
to,00:13:57:19,00:13:57:28,Speaker1
speak,00:13:57:28,00:13:57:49,Speaker1
from,00:13:57:49,00:13:58:06,Speaker1
"there,",00:13:58:06,00:13:58:40,Speaker1
as,00:13:59:14,00:13:59:30,Speaker1
I,00:13:59:30,00:13:59:43,Speaker1
do.,00:13:59:43,00:14:00:12,Speaker1
Doctor?,00:14:00:28,00:14:01:02,Speaker1
Yes?,00:14:01:49,00:14:02:10,Speaker5
I,00:14:02:10,00:14:02:18,Speaker5
have,00:14:02:18,00:14:02:27,Speaker5
the,00:14:02:27,00:14:02:32,Speaker5
same,00:14:02:32,00:14:02:50,Speaker5
readings.,00:14:02:50,00:14:03:31,Speaker5
You're,00:14:03:53,00:14:04:09,Speaker3
aware,00:14:04:09,00:14:04:25,Speaker3
of,00:14:04:25,00:14:04:29,Speaker3
what's,00:14:04:29,00:14:04:40,Speaker3
happening,00:14:04:40,00:14:04:58,Speaker3
to,00:14:05:00,00:14:05:07,Speaker3
his,00:14:05:07,00:14:05:16,Speaker3
body?,00:14:05:16,00:14:06:03,Speaker3
Heart,00:14:06:10,00:14:06:28,Speaker3
action.,00:14:06:28,00:14:06:48,Speaker3
Double,00:14:06:48,00:14:07:11,Speaker3
"temperature,",00:14:07:11,00:14:07:36,Speaker3
104,00:14:07:36,00:14:08:18,Speaker3
degrees.,00:14:08:18,00:14:08:54,Speaker3
He'll,00:14:08:54,00:14:09:08,Speaker5
die,00:14:09:08,00:14:09:40,Speaker5
if,00:14:09:40,00:14:09:49,Speaker5
you,00:14:09:49,00:14:09:55,Speaker5
don't,00:14:09:55,00:14:10:11,Speaker5
leave,00:14:10:11,00:14:10:27,Speaker5
his,00:14:10:27,00:14:10:38,Speaker5
body,00:14:10:38,00:14:11:10,Speaker5
soon.,00:14:11:10,00:14:11:54,Speaker5
What,00:14:11:54,00:14:12:06,Speaker3
is,00:14:12:06,00:14:12:13,Speaker3
it,00:14:12:13,00:14:12:21,Speaker3
you,00:14:12:21,00:14:12:30,Speaker3
want,00:14:12:30,00:14:12:42,Speaker3
of,00:14:12:42,00:14:12:49,Speaker3
us?,00:14:12:49,00:14:13:18,Speaker3
In,00:14:15:55,00:14:16:15,Speaker3
the,00:14:16:15,00:14:16:21,Speaker3
next,00:14:16:21,00:14:16:39,Speaker3
room.,00:14:16:39,00:14:17:24,Speaker3
There,00:14:17:58,00:14:18:27,Speaker1
are,00:14:18:27,00:14:18:39,Speaker1
other,00:14:18:39,00:14:18:55,Speaker1
receptacles.,00:14:18:55,00:14:20:07,Speaker1
The,00:14:21:11,00:14:21:33,Speaker1
other,00:14:21:33,00:14:21:49,Speaker1
two,00:14:21:49,00:14:22:00,Speaker1
of,00:14:22:00,00:14:22:05,Speaker1
us,00:14:22:05,00:14:22:50,Speaker1
that,00:14:23:08,00:14:23:28,Speaker1
survived,00:14:23:28,00:14:24:18,Speaker1
"you,",00:14:25:23,00:14:26:06,Speaker1
doctor,00:14:26:06,00:14:26:31,Speaker1
Ann,00:14:26:31,00:14:26:42,Speaker1
Mulhall.,00:14:26:42,00:14:27:18,Speaker1
And,00:14:27:18,00:14:27:38,Speaker1
"you,",00:14:27:38,00:14:28:00,Speaker1
Mr.,00:14:28:00,00:14:28:25,Speaker1
Spock.,00:14:28:25,00:14:29:10,Speaker1
We,00:14:30:13,00:14:30:42,Speaker1
require,00:14:30:42,00:14:31:14,Speaker1
your,00:14:31:14,00:14:31:27,Speaker1
bodies,00:14:31:27,00:14:31:55,Speaker1
also.,00:14:31:55,00:14:32:58,Speaker1
We,00:14:34:10,00:14:34:39,Speaker1
must,00:14:34:39,00:14:35:03,Speaker1
have,00:14:35:03,00:14:35:26,Speaker1
Captain,00:14:35:26,00:14:35:57,Speaker1
Kirk.,00:14:35:57,00:14:36:34,Speaker1
And,00:14:38:27,00:14:38:43,Speaker3
you.,00:14:38:43,00:14:39:17,Speaker3
So,00:14:43:06,00:14:43:33,Speaker1
that,00:14:43:33,00:14:43:45,Speaker1
we,00:14:43:45,00:14:44:00,Speaker1
may,00:14:44:00,00:14:44:16,Speaker1
live,00:14:44:16,00:14:44:50,Speaker1
again.,00:14:44:50,00:14:45:33,Speaker1
Even,00:15:00:37,00:15:00:57,Speaker1
for,00:15:00:57,00:15:01:08,Speaker1
"us,",00:15:01:08,00:15:01:19,Speaker1
a,00:15:01:19,00:15:01:24,Speaker1
half,00:15:01:24,00:15:01:38,Speaker1
a.,00:15:01:38,00:15:01:52,Speaker1
Million,00:15:01:52,00:15:02:06,""
years,00:15:02:06,00:15:02:43,""
was,00:15:02:43,00:15:03:00,""
almost,00:15:03:00,00:15:03:27,""
too,00:15:03:27,00:15:03:37,""
long,00:15:03:37,00:15:03:52,""
to,00:15:03:54,00:15:04:01,""
wait.,00:15:04:01,00:15:04:21,""
Still,00:15:07:29,00:15:08:10,Speaker1
survive,00:15:08:10,00:15:08:50,Speaker1
enough.,00:15:08:50,00:15:09:12,Speaker1
Inflation.,00:15:13:29,00:15:14:19,""
"So,",00:15:17:48,00:15:17:59,""
Lisa.,00:15:17:59,00:15:18:21,""
Smith.,00:15:18:21,00:15:18:48,""
Lisa.,00:15:18:48,00:15:19:13,""
I,00:15:21:02,00:15:21:15,""
am.,00:15:21:15,00:15:21:25,""
Pleased,00:15:21:25,00:15:22:00,Speaker1
you,00:15:22:00,00:15:22:12,Speaker1
survived.,00:15:22:12,00:15:22:46,Speaker1
With.,00:15:22:46,00:15:22:52,""
Look,00:15:27:37,00:15:27:49,""
at,00:15:27:49,00:15:27:55,""
me.,00:15:27:55,00:15:28:13,""
It,00:15:29:25,00:15:29:36,Speaker1
has,00:15:29:36,00:15:29:48,Speaker1
been,00:15:29:48,00:15:30:04,Speaker1
so,00:15:30:04,00:15:30:19,Speaker1
very,00:15:30:19,00:15:30:37,Speaker1
long.,00:15:30:37,00:15:31:06,Speaker1
When,00:15:31:54,00:15:32:14,Speaker3
the,00:15:32:14,00:15:32:19,Speaker3
struggle,00:15:32:19,00:15:32:43,Speaker3
came,00:15:32:43,00:15:33:04,Speaker3
which,00:15:33:04,00:15:33:19,Speaker3
devastated,00:15:33:19,00:15:33:55,Speaker3
your,00:15:33:57,00:15:34:07,Speaker3
planet.,00:15:34:07,00:15:34:51,Speaker3
Only,00:15:35:14,00:15:35:32,Speaker1
the,00:15:35:32,00:15:35:39,Speaker1
best,00:15:35:39,00:15:35:57,Speaker1
minds,00:15:35:57,00:15:36:19,Speaker1
were,00:15:36:19,00:15:36:28,Speaker1
chosen,00:15:36:28,00:15:36:49,Speaker1
to,00:15:36:49,00:15:36:57,Speaker1
survive.,00:15:36:57,00:15:37:40,Speaker1
"Felisa,",00:15:38:23,00:15:38:59,Speaker1
my,00:15:39:04,00:15:39:35,Speaker1
"wife,",00:15:39:35,00:15:40:09,Speaker1
as,00:15:40:09,00:15:40:24,Speaker1
you,00:15:40:24,00:15:40:33,Speaker1
may,00:15:40:33,00:15:40:43,Speaker1
have,00:15:40:43,00:15:40:54,Speaker1
"guessed,",00:15:40:54,00:15:41:39,Speaker1
had,00:15:41:39,00:15:41:50,Speaker1
not,00:15:41:50,00:15:42:06,Speaker1
from,00:15:42:49,00:15:43:07,Speaker1
the,00:15:43:07,00:15:43:15,Speaker1
other,00:15:43:15,00:15:43:27,Speaker1
side.,00:15:43:27,00:15:44:07,Speaker1
Realizing,00:15:44:18,00:15:45:13,Speaker1
our,00:15:45:13,00:15:45:30,Speaker1
"mistake,",00:15:45:30,00:15:46:00,Speaker1
we,00:15:46:00,00:15:46:09,Speaker1
attempted,00:15:46:09,00:15:46:36,Speaker1
to,00:15:46:36,00:15:47:07,Speaker1
perpetuate,00:15:47:07,00:15:47:57,Speaker1
both,00:15:47:57,00:15:48:15,Speaker1
sides.,00:15:48:15,00:15:48:46,Speaker1
We,00:15:48:46,00:15:49:09,Speaker1
built,00:15:49:09,00:15:49:31,Speaker1
this,00:15:49:31,00:15:49:54,Speaker1
chamber,00:15:49:54,00:15:50:23,Speaker1
here,00:15:50:23,00:15:50:57,Speaker1
in,00:15:50:57,00:15:51:22,Speaker1
order,00:15:51:22,00:15:51:40,Speaker1
to,00:15:51:40,00:15:51:51,Speaker1
preserve,00:15:51:51,00:15:52:43,Speaker1
our,00:15:52:43,00:15:53:18,Speaker1
essence,00:15:53:18,00:15:54:03,Speaker1
in,00:15:54:03,00:15:54:19,Speaker1
this,00:15:54:19,00:15:54:30,Speaker1
fashion.,00:15:54:30,00:15:55:07,Speaker1
Fascinating.,00:15:55:34,00:15:56:23,Speaker3
We,00:15:57:37,00:15:58:10,Speaker1
knew,00:15:58:10,00:15:58:57,Speaker1
the,00:15:59:18,00:15:59:43,Speaker1
seed,00:15:59:43,00:16:00:05,Speaker1
that,00:16:00:05,00:16:00:16,Speaker1
we,00:16:00:16,00:16:00:23,Speaker1
had,00:16:00:23,00:16:00:36,Speaker1
planted,00:16:00:36,00:16:01:15,Speaker1
on,00:16:01:15,00:16:01:37,Speaker1
other,00:16:01:37,00:16:01:49,Speaker1
planets,00:16:01:49,00:16:02:13,Speaker1
would,00:16:02:13,00:16:02:24,Speaker1
take,00:16:02:24,00:16:02:40,Speaker1
"root,",00:16:02:40,00:16:03:16,Speaker1
that,00:16:03:34,00:16:03:43,Speaker1
one,00:16:03:43,00:16:03:55,Speaker1
day,00:16:03:55,00:16:04:04,Speaker1
you,00:16:04:04,00:16:04:10,Speaker1
would,00:16:04:10,00:16:04:21,Speaker1
build,00:16:04:21,00:16:04:37,Speaker1
vessels,00:16:04:37,00:16:05:27,Speaker1
as,00:16:05:27,00:16:05:43,Speaker1
we,00:16:05:43,00:16:05:54,Speaker1
did.,00:16:05:54,00:16:06:14,Speaker1
And,00:16:06:39,00:16:07:03,Speaker1
one,00:16:07:03,00:16:07:15,Speaker1
day,00:16:07:15,00:16:07:24,Speaker1
you,00:16:07:24,00:16:07:31,Speaker1
would,00:16:07:31,00:16:07:40,Speaker1
come,00:16:07:40,00:16:07:57,Speaker1
here.,00:16:07:57,00:16:08:34,Speaker1
These,00:16:08:52,00:16:09:18,Speaker3
"others,",00:16:09:18,00:16:09:57,Speaker3
they,00:16:09:57,00:16:10:21,Speaker3
were,00:16:10:21,00:16:10:30,Speaker3
stored,00:16:10:30,00:16:10:58,Speaker3
differently,00:16:10:58,00:16:11:31,Speaker3
than,00:16:11:31,00:16:11:42,Speaker3
you.,00:16:11:42,00:16:12:16,Speaker3
But,00:16:12:25,00:16:12:50,Speaker3
it,00:16:12:50,00:16:12:54,Speaker3
was,00:16:12:54,00:16:13:04,Speaker3
your,00:16:13:04,00:16:13:17,Speaker3
task,00:16:13:17,00:16:13:37,Speaker3
to,00:16:13:37,00:16:13:44,Speaker3
remain,00:16:13:44,00:16:14:16,Speaker3
in,00:16:14:16,00:16:14:25,Speaker3
the,00:16:14:25,00:16:14:31,Speaker3
receptacle,00:16:14:31,00:16:15:03,Speaker3
out,00:16:15:03,00:16:15:14,Speaker3
there,00:16:15:14,00:16:15:41,Speaker3
and.,00:16:15:41,00:16:16:04,Speaker3
Search,00:16:16:04,00:16:16:35,Speaker1
the,00:16:16:35,00:16:16:46,Speaker1
heavens.,00:16:16:46,00:16:17:11,Speaker1
With,00:16:17:11,00:16:17:25,Speaker1
my,00:16:17:25,00:16:17:38,Speaker1
mind,00:16:17:38,00:16:18:25,Speaker1
"probing,",00:16:18:54,00:16:19:55,Speaker1
"waiting,",00:16:19:55,00:16:20:33,Speaker1
probing.,00:16:20:33,00:16:21:37,Speaker1
And,00:16:21:50,00:16:22:06,Speaker1
then,00:16:22:06,00:16:22:17,Speaker1
one,00:16:22:17,00:16:22:30,Speaker1
"day,",00:16:22:30,00:16:22:51,Speaker1
my,00:16:22:51,00:16:23:04,Speaker1
mind,00:16:23:04,00:16:23:31,Speaker1
touched,00:16:23:33,00:16:23:58,Speaker1
your,00:16:23:58,00:16:24:09,Speaker1
vessel.,00:16:24:09,00:16:24:46,Speaker1
And,00:16:25:41,00:16:26:04,Speaker1
brought,00:16:26:04,00:16:26:17,Speaker1
you,00:16:26:17,00:16:26:26,Speaker1
here.,00:16:26:26,00:16:27:00,Speaker1
So,00:16:27:00,00:16:27:29,Speaker5
you,00:16:27:29,00:16:27:36,Speaker5
could,00:16:27:36,00:16:27:51,Speaker5
steal,00:16:27:51,00:16:28:10,Speaker5
our,00:16:28:10,00:16:28:21,Speaker5
bodies,00:16:28:21,00:16:28:45,Speaker5
from,00:16:28:45,00:16:29:01,Speaker5
us.,00:16:29:01,00:16:29:31,Speaker5
To,00:16:29:58,00:16:30:09,Speaker1
steal.,00:16:30:09,00:16:30:49,Speaker1
To,00:16:31:18,00:16:31:45,Speaker1
take,00:16:31:45,00:16:32:03,Speaker1
them,00:16:32:03,00:16:32:12,Speaker1
from,00:16:32:12,00:16:32:28,Speaker1
you.,00:16:32:28,00:16:32:37,Speaker1
"No,",00:16:32:39,00:16:33:06,Speaker1
"no,",00:16:33:06,00:16:33:25,Speaker1
my,00:16:33:25,00:16:33:36,Speaker1
"children,",00:16:33:36,00:16:33:58,Speaker1
you,00:16:33:58,00:16:34:07,Speaker1
misunderstand.,00:16:34:07,00:16:35:10,Speaker1
We,00:16:36:56,00:16:37:21,Speaker1
mean,00:16:37:21,00:16:37:55,Speaker1
only,00:16:37:55,00:16:38:31,Speaker1
that,00:16:38:31,00:16:38:42,Speaker1
you,00:16:38:42,00:16:38:51,Speaker1
should,00:16:38:51,00:16:39:07,Speaker1
lend,00:16:39:07,00:16:39:27,Speaker1
us,00:16:39:27,00:16:39:40,Speaker1
your,00:16:39:40,00:16:39:52,Speaker1
bodies,00:16:39:52,00:16:40:14,Speaker1
for,00:16:40:14,00:16:40:25,Speaker1
a,00:16:40:25,00:16:40:30,Speaker1
short,00:16:40:30,00:16:40:46,Speaker1
time.,00:16:40:46,00:16:41:22,Speaker1
And,00:16:41:22,00:16:41:31,Speaker3
destroy,00:16:41:31,00:16:42:00,Speaker3
"them,",00:16:42:00,00:16:42:29,Speaker3
just,00:16:42:29,00:16:42:58,Speaker3
as,00:16:42:58,00:16:43:05,Speaker3
you're,00:16:43:05,00:16:43:12,Speaker3
burning,00:16:43:12,00:16:43:28,Speaker3
that,00:16:43:28,00:16:43:39,Speaker3
one,00:16:43:39,00:16:43:48,Speaker3
up,00:16:43:48,00:16:43:57,Speaker3
now.,00:16:43:57,00:16:44:37,Speaker3
Heartbeat,00:16:44:58,00:16:45:24,Speaker3
262.,00:16:45:24,00:16:46:28,Speaker3
Spock.,00:16:46:28,00:16:46:50,Speaker3
Entire,00:16:46:50,00:16:47:10,Speaker3
metabolic,00:16:47:10,00:16:47:39,Speaker3
rate,00:16:47:39,00:16:47:58,Speaker3
correspondingly,00:16:47:58,00:16:48:52,Speaker3
high.,00:16:48:52,00:16:49:28,Speaker3
I,00:16:50:37,00:16:51:03,Speaker1
will,00:16:51:03,00:16:51:15,Speaker1
return,00:16:51:15,00:16:51:44,Speaker1
your,00:16:51:44,00:16:51:55,Speaker1
captain,00:16:51:55,00:16:52:22,Speaker1
to,00:16:52:22,00:16:52:33,Speaker1
you,00:16:52:33,00:16:52:42,Speaker1
before,00:16:52:42,00:16:53:01,Speaker1
the,00:16:53:01,00:16:53:09,Speaker1
body,00:16:53:09,00:16:53:27,Speaker1
limit,00:16:53:27,00:16:53:45,Speaker1
has,00:16:53:45,00:16:53:55,Speaker1
been,00:16:53:55,00:16:54:06,Speaker1
reached.,00:16:54:06,00:16:54:46,Speaker1
Our,00:16:54:48,00:16:55:04,Speaker3
bodies,00:16:55:04,00:16:55:31,Speaker3
are,00:16:55:31,00:16:55:38,Speaker3
gone.,00:16:55:38,00:16:56:05,Speaker3
For,00:16:56:25,00:16:56:46,Speaker3
what,00:16:56:46,00:16:56:57,Speaker3
purpose?,00:16:56:57,00:16:57:37,Speaker3
To,00:16:58:43,00:16:58:56,Speaker1
build.,00:16:58:56,00:16:59:34,Speaker1
To,00:17:02:47,00:17:03:14,Speaker1
build,00:17:03:14,00:17:03:45,Speaker1
humanoid,00:17:03:45,00:17:04:24,Speaker1
"robots,",00:17:04:24,00:17:05:27,Speaker1
we,00:17:05:36,00:17:06:07,Speaker1
must,00:17:06:07,00:17:06:43,Speaker1
borrow,00:17:06:43,00:17:07:06,Speaker1
your,00:17:07:08,00:17:07:19,Speaker1
bodies,00:17:07:19,00:17:07:44,Speaker1
long,00:17:07:44,00:17:08:02,Speaker1
enough,00:17:08:02,00:17:08:22,Speaker1
to,00:17:08:22,00:17:08:31,Speaker1
have,00:17:08:31,00:17:08:42,Speaker1
the,00:17:08:42,00:17:08:49,Speaker1
use,00:17:08:49,00:17:09:05,Speaker1
of,00:17:09:05,00:17:09:10,Speaker1
your,00:17:09:10,00:17:09:19,Speaker1
hands.,00:17:09:19,00:17:09:41,Speaker1
Your,00:17:09:41,00:17:09:50,Speaker1
fingers.,00:17:09:50,00:17:10:30,Speaker1
Then,00:17:10:30,00:17:10:53,Speaker3
you,00:17:10:53,00:17:11:04,Speaker3
intend,00:17:11:04,00:17:11:27,Speaker3
to,00:17:11:27,00:17:11:36,Speaker3
construct,00:17:11:36,00:17:12:09,Speaker3
mechanical,00:17:12:09,00:17:12:39,Speaker3
"bodies,",00:17:12:39,00:17:13:33,Speaker3
move,00:17:13:33,00:17:14:11,Speaker3
your,00:17:14:11,00:17:14:25,Speaker3
minds,00:17:14:25,00:17:14:49,Speaker3
into,00:17:14:49,00:17:15:16,Speaker3
"them,",00:17:15:16,00:17:15:50,Speaker3
and,00:17:16:10,00:17:16:28,Speaker3
then,00:17:16:28,00:17:16:40,Speaker3
return,00:17:16:40,00:17:17:00,Speaker3
our,00:17:17:00,00:17:17:09,Speaker3
bodies,00:17:17:09,00:17:17:29,Speaker3
to,00:17:17:29,00:17:17:38,Speaker3
us.,00:17:17:38,00:17:18:07,Speaker3
We,00:17:18:30,00:17:18:39,Speaker5
have,00:17:18:39,00:17:18:52,Speaker5
engineers.,00:17:18:52,00:17:19:28,Speaker5
Technicians?,00:17:19:28,00:17:20:13,Speaker5
Why,00:17:20:13,00:17:20:38,Speaker5
can't,00:17:20:38,00:17:20:56,Speaker5
they,00:17:20:56,00:17:21:12,Speaker5
build,00:17:21:12,00:17:21:32,Speaker5
your,00:17:21:32,00:17:21:41,Speaker5
robots,00:17:21:41,00:17:22:10,Speaker5
for,00:17:22:10,00:17:22:26,Speaker5
you?,00:17:22:26,00:17:22:44,Speaker5
Know,00:17:23:40,00:17:24:12,Speaker1
our,00:17:24:12,00:17:24:25,Speaker1
methods.,00:17:24:25,00:17:25:13,Speaker1
Our,00:17:25:51,00:17:26:16,Speaker1
skills,00:17:26:16,00:17:27:03,Speaker1
are,00:17:27:03,00:17:27:14,Speaker1
far,00:17:27:14,00:17:27:32,Speaker1
beyond,00:17:27:32,00:17:28:13,Speaker1
your,00:17:28:21,00:17:28:51,Speaker1
abilities.,00:17:28:51,00:17:29:52,Speaker1
It,00:17:33:19,00:17:33:28,""
is,00:17:33:28,00:17:33:36,""
time.,00:17:33:36,00:17:34:17,""
Is,00:17:56:52,00:17:57:01,Speaker3
it,00:17:57:01,00:17:57:08,Speaker3
"you,",00:17:57:08,00:17:57:15,Speaker3
John?,00:17:57:15,00:17:57:33,Speaker3
Gurney's,00:18:03:01,00:18:03:32,Speaker3
metabolic,00:18:03:32,00:18:04:03,Speaker3
rate,00:18:04:03,00:18:04:15,Speaker3
is,00:18:04:15,00:18:04:24,Speaker3
back,00:18:04:24,00:18:04:35,Speaker3
to,00:18:04:35,00:18:04:40,Speaker3
normal.,00:18:04:40,00:18:05:13,Speaker3
Captain.,00:18:07:19,00:18:07:46,Speaker3
Do,00:18:08:36,00:18:08:54,Speaker3
you,00:18:08:54,00:18:09:01,Speaker3
know,00:18:09:01,00:18:09:23,Speaker3
what,00:18:09:23,00:18:09:36,Speaker3
happened?,00:18:09:36,00:18:10:17,Speaker3
Do,00:18:10:31,00:18:10:51,Speaker3
you,00:18:10:51,00:18:10:57,Speaker3
remember,00:18:10:57,00:18:11:24,Speaker3
any,00:18:11:24,00:18:11:40,Speaker3
part,00:18:11:40,00:18:11:51,Speaker3
of,00:18:11:51,00:18:11:56,Speaker3
it?,00:18:11:56,00:18:12:09,Speaker3
Yes.,00:18:12:10,00:18:12:45,Speaker1
Sagar,00:18:12:45,00:18:13:19,Speaker1
borrowed,00:18:13:53,00:18:14:27,Speaker1
my,00:18:14:27,00:18:14:52,Speaker1
body.,00:18:14:52,00:18:15:10,Speaker1
I,00:18:15:10,00:18:15:19,Speaker1
was,00:18:15:19,00:18:15:52,Speaker1
floating,00:18:15:52,00:18:16:46,Speaker1
in,00:18:16:46,00:18:17:04,Speaker1
time,00:18:17:04,00:18:17:40,Speaker1
and,00:18:17:40,00:18:18:03,Speaker1
space.,00:18:18:03,00:18:18:54,Speaker1
He,00:18:20:04,00:18:20:09,Speaker3
doesn't,00:18:20:09,00:18:20:27,Speaker3
appear,00:18:20:27,00:18:20:45,Speaker3
to,00:18:20:45,00:18:20:51,Speaker3
be,00:18:20:51,00:18:21:01,Speaker3
harmed,00:18:21:01,00:18:21:27,Speaker3
physically,00:18:21:27,00:18:21:54,Speaker3
anyway.,00:18:21:54,00:18:22:24,Speaker3
Spock.,00:18:23:31,00:18:24:14,Speaker1
I,00:18:25:10,00:18:25:26,Speaker1
remember,00:18:25:26,00:18:26:18,Speaker1
when.,00:18:27:43,00:18:28:35,Speaker1
Sargon,00:18:29:16,00:18:30:01,Speaker1
and,00:18:30:01,00:18:30:08,Speaker1
I,00:18:30:08,00:18:30:19,Speaker1
exchanged,00:18:30:21,00:18:31:00,Speaker1
as,00:18:31:00,00:18:31:11,Speaker1
we,00:18:31:11,00:18:31:25,Speaker1
passed,00:18:31:25,00:18:31:47,Speaker1
each,00:18:31:47,00:18:32:00,Speaker1
other.,00:18:32:00,00:18:32:34,Speaker1
For,00:18:33:39,00:18:34:04,Speaker1
an,00:18:34:04,00:18:34:09,Speaker1
"instant,",00:18:34:09,00:18:34:47,Speaker1
we,00:18:34:47,00:18:35:05,Speaker1
were,00:18:35:05,00:18:35:16,Speaker1
one.,00:18:35:16,00:18:36:03,Speaker1
I,00:18:37:55,00:18:38:12,Speaker1
know,00:18:38:12,00:18:38:22,Speaker1
him,00:18:38:22,00:18:38:30,Speaker1
now.,00:18:38:30,00:18:38:53,Speaker1
I,00:18:40:03,00:18:40:19,Speaker1
know,00:18:40:19,00:18:40:28,Speaker1
what,00:18:40:28,00:18:40:36,Speaker1
he,00:18:40:36,00:18:40:43,Speaker1
is,00:18:40:43,00:18:40:50,Speaker1
and,00:18:40:50,00:18:40:55,Speaker1
what,00:18:40:55,00:18:41:03,Speaker1
he,00:18:41:03,00:18:41:08,Speaker1
"wants,",00:18:41:08,00:18:41:51,Speaker1
and,00:18:42:22,00:18:42:54,Speaker1
I,00:18:42:54,00:18:43:10,Speaker1
don't,00:18:43:10,00:18:43:30,Speaker1
fear,00:18:43:30,00:18:43:52,Speaker1
him.,00:18:43:52,00:18:44:35,Speaker1
That's,00:18:45:28,00:18:45:40,Speaker3
the,00:18:45:40,00:18:45:46,Speaker3
most,00:18:45:46,00:18:46:00,Speaker3
ridiculous,00:18:46:00,00:18:46:40,Speaker3
statement,00:18:46:40,00:18:47:03,Speaker3
I've,00:18:47:03,00:18:47:12,Speaker3
ever,00:18:47:12,00:18:47:25,Speaker3
heard.,00:18:47:25,00:18:47:37,Speaker3
An,00:18:47:37,00:18:47:46,Speaker3
alien,00:18:47:46,00:18:48:10,Speaker3
practically,00:18:48:10,00:18:48:42,Speaker3
hijacks,00:18:48:42,00:18:49:16,Speaker3
your,00:18:49:16,00:18:49:25,Speaker3
body,00:18:49:25,00:18:49:43,Speaker3
and,00:18:49:43,00:18:49:51,Speaker3
then,00:18:49:51,00:18:50:01,Speaker3
corks,00:18:50:01,00:18:50:21,Speaker3
you,00:18:50:21,00:18:50:28,Speaker3
into,00:18:50:28,00:18:50:45,Speaker3
a,00:18:50:45,00:18:50:52,Speaker3
bottle.,00:18:50:52,00:18:51:13,Speaker3
I'm,00:18:51:24,00:18:51:31,Speaker5
afraid,00:18:51:31,00:18:51:48,Speaker5
that,00:18:51:48,00:18:51:55,Speaker5
I,00:18:51:55,00:18:52:04,Speaker5
must,00:18:52:04,00:18:52:18,Speaker5
agree,00:18:52:18,00:18:52:34,Speaker5
with,00:18:52:34,00:18:52:45,Speaker5
doctor,00:18:52:45,00:18:53:03,Speaker5
McCoy.,00:18:53:03,00:18:53:19,Speaker5
You,00:18:53:21,00:18:53:30,Speaker5
could,00:18:53:30,00:18:53:46,Speaker5
be,00:18:53:46,00:18:53:57,Speaker5
suffering,00:18:53:57,00:18:54:21,Speaker5
from,00:18:54:21,00:18:54:35,Speaker5
a,00:18:54:35,00:18:54:49,Speaker5
form,00:18:54:49,00:18:55:09,Speaker5
of,00:18:55:09,00:18:55:33,Speaker5
a,00:18:55:33,00:18:55:45,Speaker5
false,00:18:55:45,00:18:56:03,Speaker5
euphoria.,00:18:56:03,00:18:56:52,Speaker5
Simon.,00:19:00:25,00:19:01:15,Speaker1
I,00:19:01:42,00:19:02:02,Speaker3
understand,00:19:02:02,00:19:02:52,Speaker3
my,00:19:02:52,00:19:03:10,Speaker3
son.,00:19:03:10,00:19:03:46,Speaker3
Go,00:19:04:19,00:19:04:48,Speaker3
to,00:19:04:48,00:19:04:57,Speaker3
your,00:19:04:57,00:19:05:13,Speaker3
vessel.,00:19:05:13,00:19:06:06,Speaker3
All,00:19:06:07,00:19:06:36,Speaker3
who,00:19:06:36,00:19:06:47,Speaker3
are,00:19:06:47,00:19:07:00,Speaker3
involved,00:19:07:00,00:19:07:30,Speaker3
must,00:19:07:30,00:19:07:46,Speaker3
agree,00:19:07:46,00:19:08:04,Speaker3
to,00:19:08:04,00:19:08:12,Speaker3
this.,00:19:08:12,00:19:08:49,Speaker3
After,00:19:08:49,00:19:09:22,Speaker3
all,00:19:09:22,00:19:09:43,Speaker3
these,00:19:09:43,00:19:10:01,Speaker3
"centuries,",00:19:10:01,00:19:10:48,Speaker3
we,00:19:10:48,00:19:11:03,Speaker3
can,00:19:11:03,00:19:11:19,Speaker3
wait,00:19:11:19,00:19:11:39,Speaker3
a,00:19:11:39,00:19:11:44,Speaker3
few,00:19:11:44,00:19:12:00,Speaker3
more,00:19:12:00,00:19:12:18,Speaker3
hours.,00:19:12:18,00:19:12:45,Speaker3
What,00:19:12:54,00:19:13:05,Speaker3
if,00:19:13:05,00:19:13:14,Speaker3
we,00:19:13:14,00:19:13:21,Speaker3
should,00:19:13:21,00:19:13:36,Speaker3
decide,00:19:13:36,00:19:13:59,Speaker3
against,00:19:13:59,00:19:14:24,Speaker3
you?,00:19:14:24,00:19:14:55,Speaker3
Then,00:19:15:02,00:19:15:22,Speaker3
you,00:19:15:22,00:19:15:31,Speaker3
may,00:19:15:31,00:19:15:43,Speaker3
go,00:19:15:43,00:19:16:05,Speaker3
as,00:19:16:05,00:19:16:16,Speaker3
freely,00:19:16:16,00:19:16:36,Speaker3
as,00:19:16:36,00:19:16:45,Speaker3
you,00:19:16:45,00:19:16:54,Speaker3
came.,00:19:16:54,00:19:17:30,Speaker3
Are,00:19:17:31,00:19:17:40,Speaker3
you,00:19:17:40,00:19:17:44,Speaker3
going,00:19:17:44,00:19:18:00,Speaker3
to?,00:19:18:00,00:19:18:18,Speaker3
What?,00:19:18:20,00:19:19:14,Speaker1
Are,00:19:21:07,00:19:21:15,Speaker1
they,00:19:21:15,00:19:21:24,Speaker1
all,00:19:21:24,00:19:21:34,Speaker1
right,00:19:21:34,00:19:21:49,Speaker1
in,00:19:21:49,00:19:21:54,Speaker1
the,00:19:21:54,00:19:22:01,Speaker1
"head,",00:19:22:01,00:19:22:16,Speaker1
doctor?,00:19:22:16,00:19:22:46,Speaker1
No,00:19:22:48,00:19:23:17,Speaker1
comment.,00:19:23:17,00:19:23:40,Speaker1
A,00:19:23:42,00:19:23:48,Speaker1
simple,00:19:23:48,00:19:24:04,Speaker1
"transference,",00:19:24:04,00:19:24:52,Speaker1
their,00:19:24:52,00:19:25:10,Speaker1
minds,00:19:25:10,00:19:25:28,Speaker1
and,00:19:25:28,00:19:25:37,Speaker1
ours.,00:19:25:37,00:19:26:17,Speaker1
Quite,00:19:26:17,00:19:26:40,Speaker3
simple.,00:19:26:40,00:19:27:09,Speaker3
Happens,00:19:27:18,00:19:27:42,Speaker1
every,00:19:27:42,00:19:27:52,Speaker1
day.,00:19:27:52,00:19:28:03,Speaker1
"Scotty,",00:19:28:05,00:19:28:28,Speaker1
I,00:19:28:28,00:19:28:39,Speaker1
need,00:19:28:39,00:19:28:52,Speaker1
your,00:19:28:52,00:19:29:04,Speaker1
approval,00:19:29:04,00:19:29:30,Speaker1
"too,",00:19:29:30,00:19:29:58,Speaker1
since,00:19:29:58,00:19:30:20,Speaker1
you'll,00:19:30:20,00:19:30:31,Speaker1
be,00:19:30:31,00:19:30:36,Speaker1
working,00:19:30:36,00:19:30:58,Speaker1
with,00:19:30:58,00:19:31:09,Speaker1
"them,",00:19:31:09,00:19:31:18,Speaker1
furnishing,00:19:31:18,00:19:31:43,Speaker1
them,00:19:31:43,00:19:31:50,Speaker1
with,00:19:31:50,00:19:31:57,Speaker1
all,00:19:31:57,00:19:32:08,Speaker1
they,00:19:32:08,00:19:32:15,Speaker1
need,00:19:32:15,00:19:32:30,Speaker1
to,00:19:32:30,00:19:32:37,Speaker1
make,00:19:32:37,00:19:32:53,Speaker1
the,00:19:32:53,00:19:33:18,Speaker1
Android,00:19:33:18,00:19:33:52,Speaker1
robots.,00:19:33:52,00:19:34:41,Speaker1
You,00:19:34:48,00:19:34:57,Speaker1
won't,00:19:34:57,00:19:35:06,Speaker1
be,00:19:35:06,00:19:35:12,Speaker1
working,00:19:35:12,00:19:35:22,Speaker1
with,00:19:35:22,00:19:35:28,Speaker1
them.,00:19:35:28,00:19:35:35,Speaker1
You'll,00:19:35:35,00:19:35:44,Speaker1
be,00:19:35:44,00:19:35:49,Speaker1
working,00:19:35:49,00:19:36:02,Speaker1
with,00:19:36:02,00:19:36:11,Speaker1
us.,00:19:36:11,00:19:36:29,Speaker1
Our,00:19:36:29,00:19:36:42,Speaker1
bodies.,00:19:36:42,00:19:37:00,Speaker1
They'll,00:19:37:00,00:19:37:12,Speaker1
be,00:19:37:12,00:19:37:36,Speaker1
inside,00:19:37:36,00:19:38:13,Speaker1
us.,00:19:38:13,00:19:38:24,Speaker1
And,00:19:38:24,00:19:38:39,Speaker1
we'll,00:19:38:39,00:19:39:02,Speaker1
be.,00:19:39:02,00:19:39:24,Speaker1
It,00:19:39:24,00:19:39:31,Speaker3
all,00:19:39:31,00:19:39:43,Speaker3
seems,00:19:39:43,00:19:39:58,Speaker3
rather,00:19:39:58,00:19:40:14,Speaker3
indecent,00:19:40:14,00:19:40:39,Speaker3
to,00:19:40:39,00:19:40:45,Speaker3
me.,00:19:40:45,00:19:41:22,Speaker3
I'm,00:19:41:31,00:19:41:44,Speaker5
not,00:19:41:44,00:19:41:57,Speaker5
so,00:19:41:57,00:19:42:09,Speaker5
certain,00:19:42:09,00:19:42:25,Speaker5
of,00:19:42:25,00:19:42:33,Speaker5
"that,",00:19:42:33,00:19:42:43,Speaker5
doctor.,00:19:42:43,00:19:43:23,Speaker5
It,00:19:44:03,00:19:44:21,Speaker5
is,00:19:44:21,00:19:44:37,Speaker5
scientifically,00:19:44:37,00:19:45:24,Speaker5
fascinating.,00:19:45:24,00:19:46:21,Speaker5
Once,00:19:46:46,00:19:47:19,Speaker3
inside,00:19:47:19,00:19:47:53,Speaker3
their,00:19:47:53,00:19:48:20,Speaker3
mechanical,00:19:48:20,00:19:49:00,Speaker3
bodies.,00:19:49:00,00:19:49:36,Speaker3
Engineer.,00:19:49:36,00:19:50:21,Speaker3
They,00:19:50:48,00:19:51:13,Speaker3
can,00:19:51:13,00:19:51:25,Speaker3
leave,00:19:51:25,00:19:51:40,Speaker3
this,00:19:51:40,00:19:51:51,Speaker3
"planet,",00:19:51:51,00:19:52:30,Speaker3
travel,00:19:52:32,00:19:53:06,Speaker3
back,00:19:53:06,00:19:53:22,Speaker3
with,00:19:53:22,00:19:53:33,Speaker3
us.,00:19:53:33,00:19:54:09,Speaker3
With,00:19:54:09,00:19:54:36,Speaker3
their,00:19:54:36,00:19:54:47,Speaker3
"knowledge,",00:19:54:47,00:19:55:19,Speaker3
mankind,00:19:55:19,00:19:55:59,Speaker3
could,00:19:56:01,00:19:56:12,Speaker3
leap,00:19:56:12,00:19:56:24,Speaker3
ahead,00:19:56:24,00:19:56:44,Speaker3
"10,000",00:19:56:44,00:19:57:24,Speaker3
"years,",00:19:57:24,00:19:57:42,Speaker3
bones.,00:19:57:42,00:19:58:00,Speaker3
They'll,00:19:58:00,00:19:58:12,Speaker1
show,00:19:58:12,00:19:58:25,Speaker1
us,00:19:58:25,00:19:58:36,Speaker1
medical,00:19:58:36,00:19:59:04,Speaker1
advances.,00:19:59:04,00:19:59:39,Speaker1
Miracles,00:19:59:39,00:20:00:07,Speaker1
you,00:20:00:07,00:20:00:15,Speaker1
never,00:20:00:15,00:20:00:25,Speaker1
dreamed,00:20:00:25,00:20:00:45,Speaker1
"possible,",00:20:00:45,00:20:01:23,Speaker1
Scotty.,00:20:01:23,00:20:01:52,Speaker1
Engineering,00:20:01:52,00:20:02:26,Speaker1
advances,00:20:02:26,00:20:03:00,Speaker1
vessels,00:20:03:00,00:20:03:29,Speaker1
this,00:20:03:29,00:20:03:43,Speaker1
size,00:20:03:43,00:20:04:18,Speaker1
with,00:20:04:27,00:20:04:50,Speaker1
engines,00:20:04:50,00:20:05:19,Speaker1
the,00:20:05:19,00:20:05:26,Speaker1
size,00:20:05:26,00:20:05:53,Speaker1
of,00:20:05:53,00:20:06:27,Speaker1
walnuts.,00:20:06:27,00:20:07:43,Speaker1
Oh.,00:20:08:15,00:20:08:33,Speaker1
You're,00:20:08:35,00:20:08:58,Speaker1
joking.,00:20:08:58,00:20:09:54,Speaker1
No,00:20:09:54,00:20:10:36,Speaker3
he's,00:20:11:03,00:20:11:17,Speaker3
not.,00:20:11:17,00:20:11:42,Speaker3
There,00:20:11:44,00:20:12:02,Speaker3
are,00:20:12:02,00:20:12:07,Speaker3
"giants,",00:20:12:07,00:20:12:36,Speaker3
and,00:20:12:36,00:20:12:43,Speaker3
we're,00:20:12:43,00:20:12:56,Speaker3
insects,00:20:12:56,00:20:13:30,Speaker3
beside,00:20:13:30,00:20:13:54,Speaker3
them.,00:20:13:54,00:20:14:17,Speaker3
They,00:20:14:17,00:20:14:35,Speaker3
could,00:20:14:35,00:20:14:44,Speaker3
destroy,00:20:14:44,00:20:15:16,Speaker3
us,00:20:15:16,00:20:15:27,Speaker3
without,00:20:15:27,00:20:15:47,Speaker3
meaning,00:20:15:47,00:20:16:07,Speaker3
to.,00:20:16:09,00:20:16:46,Speaker3
And,00:20:16:52,00:20:17:03,Speaker3
all,00:20:17:03,00:20:17:15,Speaker3
he,00:20:17:15,00:20:17:26,Speaker3
wants,00:20:17:26,00:20:17:49,Speaker3
is,00:20:17:49,00:20:18:00,Speaker3
the,00:20:18:00,00:20:18:06,Speaker3
body,00:20:18:06,00:20:18:25,Speaker3
of,00:20:18:25,00:20:18:33,Speaker3
our,00:20:18:33,00:20:18:45,Speaker3
captain,00:20:18:45,00:20:19:30,Speaker3
and,00:20:19:57,00:20:20:13,Speaker3
our,00:20:20:13,00:20:20:26,Speaker3
second,00:20:20:26,00:20:20:48,Speaker3
in,00:20:20:48,00:20:20:57,Speaker3
command,00:20:20:57,00:20:21:25,Speaker3
to.,00:20:21:25,00:20:22:01,Speaker3
Coincidence,00:20:23:12,00:20:24:15,Speaker1
they,00:20:24:15,00:20:24:57,Speaker1
selected,00:20:24:57,00:20:25:25,Speaker1
us,00:20:25:25,00:20:25:38,Speaker1
as,00:20:25:38,00:20:25:47,Speaker1
the,00:20:25:47,00:20:25:52,Speaker1
most,00:20:25:52,00:20:26:05,Speaker1
compatible,00:20:26:05,00:20:26:37,Speaker1
bodies.,00:20:26:37,00:20:27:19,Speaker1
What's,00:20:28:49,00:20:29:10,Speaker3
your,00:20:29:10,00:20:29:19,Speaker3
attitude,00:20:29:19,00:20:29:41,Speaker3
on,00:20:29:41,00:20:29:48,Speaker3
"that,",00:20:29:48,00:20:29:57,Speaker3
doctor?,00:20:29:57,00:20:30:31,Speaker3
"Well,",00:20:33:03,00:20:33:16,Speaker5
if,00:20:33:16,00:20:33:46,Speaker5
we,00:20:34:26,00:20:34:49,Speaker5
all,00:20:34:49,00:20:35:00,Speaker5
"agree,",00:20:35:00,00:20:35:51,Speaker5
I'm,00:20:37:19,00:20:38:02,Speaker5
willing,00:20:38:02,00:20:38:31,Speaker5
to,00:20:38:31,00:20:38:42,Speaker5
host,00:20:38:42,00:20:39:05,Speaker5
the,00:20:39:05,00:20:39:14,Speaker5
"laces,",00:20:39:14,00:20:39:41,Speaker5
mind.,00:20:39:41,00:20:40:24,Speaker5
I'm,00:20:42:36,00:20:42:47,Speaker5
a,00:20:42:47,00:20:42:51,Speaker5
scientist.,00:20:42:51,00:20:43:52,Speaker5
The,00:20:44:46,00:20:44:57,Speaker5
opportunity,00:20:44:57,00:20:45:42,Speaker5
is,00:20:45:42,00:20:45:58,Speaker5
is,00:20:45:58,00:20:46:10,Speaker5
an,00:20:46:10,00:20:46:18,Speaker5
extraordinary,00:20:46:18,00:20:47:04,Speaker5
one,00:20:47:04,00:20:47:22,Speaker5
for,00:20:47:22,00:20:48:07,Speaker5
experimentation.,00:20:48:25,00:20:49:55,Speaker5
Observation.,00:20:50:03,00:20:51:09,Speaker5
A,00:20:51:54,00:20:52:10,Speaker1
starship,00:20:52:10,00:20:52:50,Speaker1
engine,00:20:52:50,00:20:53:15,Speaker1
the,00:20:53:15,00:20:53:30,Speaker1
size,00:20:53:30,00:20:53:58,Speaker1
of,00:20:53:58,00:20:54:07,Speaker1
a,00:20:54:07,00:20:54:16,Speaker1
walnut.,00:20:54:16,00:20:55:05,Speaker1
That's,00:20:55:23,00:20:55:41,Speaker1
impossible.,00:20:55:41,00:20:57:25,Speaker1
But,00:20:57:25,00:20:58:14,Speaker1
I,00:20:58:45,00:20:58:59,Speaker1
don't,00:20:58:59,00:20:59:12,Speaker1
suppose,00:20:59:12,00:20:59:31,Speaker1
there'd,00:20:59:31,00:20:59:44,Speaker1
be,00:20:59:46,00:20:59:53,Speaker1
any,00:20:59:53,00:21:00:11,Speaker1
harm,00:21:00:11,00:21:00:31,Speaker1
in,00:21:00:31,00:21:00:56,Speaker1
looking,00:21:00:58,00:21:01:25,Speaker1
over,00:21:01:25,00:21:01:45,Speaker1
diagrams,00:21:01:45,00:21:02:21,Speaker1
on,00:21:02:21,00:21:02:31,Speaker1
it.,00:21:02:31,00:21:02:49,Speaker1
"Well,",00:21:05:15,00:21:05:33,Speaker1
you,00:21:06:55,00:21:07:10,Speaker1
could,00:21:07:10,00:21:07:21,Speaker1
stop,00:21:07:21,00:21:07:37,Speaker1
all,00:21:07:37,00:21:07:46,Speaker1
this,00:21:07:46,00:21:07:55,Speaker1
by,00:21:07:55,00:21:08:04,Speaker1
saying,00:21:08:04,00:21:08:18,Speaker1
no.,00:21:08:18,00:21:08:43,Speaker1
That's,00:21:10:53,00:21:11:15,Speaker1
why,00:21:11:15,00:21:11:27,Speaker1
I,00:21:11:27,00:21:11:34,Speaker1
called,00:21:11:34,00:21:11:45,Speaker1
you,00:21:11:45,00:21:11:52,Speaker1
all,00:21:11:52,00:21:12:00,Speaker1
here,00:21:12:00,00:21:12:09,Speaker1
together.,00:21:12:09,00:21:12:43,Speaker1
We'll,00:21:15:36,00:21:16:06,Speaker1
all,00:21:16:06,00:21:16:22,Speaker1
be,00:21:16:22,00:21:16:37,Speaker1
deeply,00:21:16:37,00:21:17:07,Speaker1
involved.,00:21:17:07,00:21:17:54,Speaker1
It,00:21:17:54,00:21:18:10,Speaker1
must,00:21:18:10,00:21:18:30,Speaker1
be,00:21:18:30,00:21:18:43,Speaker1
unanimous.,00:21:18:43,00:21:19:35,Speaker1
"Well,",00:21:20:24,00:21:20:31,Speaker3
"then,",00:21:20:31,00:21:20:42,Speaker3
I,00:21:20:42,00:21:20:56,Speaker3
still,00:21:20:56,00:21:21:12,Speaker3
want,00:21:21:12,00:21:21:23,Speaker3
one,00:21:21:23,00:21:21:36,Speaker3
question,00:21:21:36,00:21:22:03,Speaker3
answered,00:21:22:03,00:21:22:19,Speaker3
to,00:21:22:19,00:21:22:24,Speaker3
my,00:21:22:24,00:21:22:35,Speaker3
satisfaction.,00:21:22:35,00:21:23:33,Speaker3
Why,00:21:24:37,00:21:25:31,Speaker3
not,00:21:26:43,00:21:26:54,Speaker3
a,00:21:26:54,00:21:26:58,Speaker3
list,00:21:26:58,00:21:27:10,Speaker3
of,00:21:27:10,00:21:27:18,Speaker3
possible,00:21:27:18,00:21:27:45,Speaker3
"miracles,",00:21:27:45,00:21:28:39,Speaker3
but,00:21:28:57,00:21:29:20,Speaker3
a,00:21:29:20,00:21:29:33,Speaker3
"simple,",00:21:29:33,00:21:30:10,Speaker3
"basic,",00:21:30:10,00:21:30:54,Speaker3
understandable,00:21:30:54,00:21:31:46,Speaker3
why,00:21:31:46,00:21:32:31,Speaker3
that,00:21:32:45,00:21:33:09,Speaker3
overrides,00:21:33:09,00:21:33:43,Speaker3
all,00:21:33:43,00:21:33:55,Speaker3
danger.,00:21:33:55,00:21:34:33,Speaker3
And,00:21:34:40,00:21:35:04,Speaker3
let's,00:21:35:04,00:21:35:18,Speaker3
not,00:21:35:18,00:21:35:33,Speaker3
kid,00:21:35:33,00:21:35:45,Speaker3
ourselves,00:21:35:45,00:21:36:23,Speaker3
if,00:21:36:23,00:21:36:32,Speaker3
there,00:21:36:32,00:21:36:46,Speaker3
is,00:21:36:46,00:21:37:01,Speaker3
no,00:21:37:01,00:21:37:22,Speaker3
potential,00:21:37:22,00:21:37:58,Speaker3
danger,00:21:37:58,00:21:38:29,Speaker3
in,00:21:38:29,00:21:38:38,Speaker3
this.,00:21:38:38,00:21:39:12,Speaker3
They,00:21:42:13,00:21:42:22,Speaker1
used,00:21:42:22,00:21:42:31,Speaker1
to,00:21:42:31,00:21:42:36,Speaker1
"say,",00:21:42:36,00:21:42:49,Speaker1
if,00:21:42:49,00:21:43:01,Speaker1
man,00:21:43:01,00:21:43:21,Speaker1
could,00:21:43:21,00:21:43:32,Speaker1
"fly,",00:21:43:32,00:21:43:57,Speaker1
he'd,00:21:43:57,00:21:44:06,Speaker1
have,00:21:44:06,00:21:44:15,Speaker1
wings.,00:21:44:15,00:21:44:51,Speaker1
But,00:21:45:52,00:21:46:14,Speaker1
he,00:21:46:14,00:21:46:19,Speaker1
did,00:21:46:19,00:21:46:52,Speaker1
fly.,00:21:47:04,00:21:47:33,Speaker1
He,00:21:47:33,00:21:47:57,Speaker1
discovered,00:21:47:57,00:21:48:31,Speaker1
he,00:21:48:31,00:21:48:43,Speaker1
had,00:21:48:43,00:21:48:56,Speaker1
to.,00:21:48:56,00:21:49:21,Speaker1
Do,00:21:51:01,00:21:51:17,Speaker1
you,00:21:51:17,00:21:51:28,Speaker1
wish,00:21:51:28,00:21:52:18,Speaker1
that,00:21:52:43,00:21:53:07,Speaker1
the,00:21:53:07,00:21:53:10,Speaker1
first,00:21:53:10,00:21:53:30,Speaker1
Apollo,00:21:53:30,00:21:53:55,Speaker1
mission,00:21:53:55,00:21:54:24,Speaker1
hadn't,00:21:54:24,00:21:54:48,Speaker1
reached,00:21:54:48,00:21:55:07,Speaker1
the,00:21:55:07,00:21:55:13,Speaker1
moon?,00:21:55:13,00:21:55:51,Speaker1
Or,00:21:55:51,00:21:56:00,Speaker1
that,00:21:56:00,00:21:56:05,Speaker1
we,00:21:56:05,00:21:56:10,Speaker1
hadn't,00:21:56:10,00:21:56:21,Speaker1
gone,00:21:56:21,00:21:56:30,Speaker1
on,00:21:56:30,00:21:56:36,Speaker1
to,00:21:56:36,00:21:56:43,Speaker1
Mars,00:21:56:43,00:21:56:57,Speaker1
and,00:21:56:57,00:21:57:03,Speaker1
then,00:21:57:03,00:21:57:10,Speaker1
to,00:21:57:10,00:21:57:15,Speaker1
the,00:21:57:15,00:21:57:19,Speaker1
nearest,00:21:57:19,00:21:57:39,Speaker1
star?,00:21:57:39,00:21:58:25,Speaker1
That's,00:21:59:46,00:21:59:58,Speaker1
like,00:21:59:58,00:22:00:09,Speaker1
saying,00:22:00:09,00:22:00:25,Speaker1
you,00:22:00:25,00:22:00:36,Speaker1
wish,00:22:00:36,00:22:00:54,Speaker1
that,00:22:00:54,00:22:01:21,Speaker1
you,00:22:01:34,00:22:02:03,Speaker1
still,00:22:02:03,00:22:02:17,Speaker1
operated,00:22:02:17,00:22:02:39,Speaker1
with,00:22:02:39,00:22:02:49,Speaker1
scalpels,00:22:02:49,00:22:03:33,Speaker1
and,00:22:03:33,00:22:04:05,Speaker1
sewed,00:22:04:05,00:22:04:27,Speaker1
your,00:22:04:27,00:22:04:37,Speaker1
patients,00:22:04:37,00:22:05:01,Speaker1
up,00:22:05:01,00:22:05:08,Speaker1
with,00:22:05:08,00:22:05:17,Speaker1
catgut,00:22:05:17,00:22:05:48,Speaker1
like,00:22:05:48,00:22:06:09,Speaker1
your,00:22:06:09,00:22:06:16,Speaker1
great,00:22:06:16,00:22:06:33,Speaker1
great,00:22:06:33,00:22:07:01,Speaker1
great,00:22:07:01,00:22:07:39,Speaker1
great,00:22:07:39,00:22:08:03,Speaker1
grandfather,00:22:08:03,00:22:08:48,Speaker1
used,00:22:08:48,00:22:09:02,Speaker1
to.,00:22:09:02,00:22:09:29,Speaker1
I'm,00:22:12:48,00:22:13:11,Speaker1
in,00:22:13:11,00:22:13:18,Speaker1
command.,00:22:13:18,00:22:14:07,Speaker1
I,00:22:14:36,00:22:14:52,Speaker1
could,00:22:14:52,00:22:15:03,Speaker1
order,00:22:15:03,00:22:15:15,Speaker1
"this,",00:22:15:15,00:22:16:02,Speaker1
but,00:22:17:07,00:22:17:28,Speaker1
I'm,00:22:17:28,00:22:17:37,Speaker1
not.,00:22:17:37,00:22:18:13,Speaker1
Because.,00:22:21:48,00:22:22:40,Speaker1
Doctor,00:22:23:37,00:22:24:10,Speaker1
McCoy,00:22:24:10,00:22:24:51,Speaker1
is,00:22:24:51,00:22:25:09,Speaker1
right,00:22:25:09,00:22:26:05,Speaker1
in,00:22:27:15,00:22:27:42,Speaker1
pointing,00:22:27:42,00:22:28:04,Speaker1
out,00:22:28:04,00:22:28:29,Speaker1
the,00:22:28:29,00:22:28:47,Speaker1
enormous,00:22:28:47,00:22:29:45,Speaker1
danger,00:22:29:45,00:22:30:26,Speaker1
potential.,00:22:30:26,00:22:31:11,Speaker1
In,00:22:31:54,00:22:32:08,Speaker1
any,00:22:32:08,00:22:32:55,Speaker1
contact,00:22:32:55,00:22:33:43,Speaker1
with,00:22:33:43,00:22:33:54,Speaker1
life,00:22:33:54,00:22:34:16,Speaker1
and,00:22:34:16,00:22:34:27,Speaker1
intelligence,00:22:34:27,00:22:35:08,Speaker1
as,00:22:35:08,00:22:35:35,Speaker1
fantastically,00:22:35:35,00:22:36:36,Speaker1
advanced,00:22:36:36,00:22:37:03,Speaker1
as,00:22:37:03,00:22:37:10,Speaker1
"this,",00:22:37:10,00:22:37:28,Speaker1
but,00:22:37:28,00:22:37:54,Speaker1
I,00:22:37:54,00:22:38:12,Speaker1
must,00:22:38:12,00:22:38:30,Speaker1
point,00:22:38:30,00:22:38:48,Speaker1
out,00:22:38:48,00:22:39:16,Speaker1
that,00:22:39:16,00:22:39:34,Speaker1
the,00:22:39:34,00:22:39:43,Speaker1
"possibilities,",00:22:39:43,00:22:40:43,Speaker1
the,00:22:40:43,00:22:40:59,Speaker1
potential,00:22:40:59,00:22:41:49,Speaker1
for,00:22:42:42,00:22:42:54,Speaker1
knowledge,00:22:42:54,00:22:43:39,Speaker1
and,00:22:43:39,00:22:43:57,Speaker1
advancement,00:22:43:57,00:22:44:31,Speaker1
is,00:22:44:31,00:22:44:39,Speaker1
equally,00:22:44:39,00:22:44:55,Speaker1
great.,00:22:44:55,00:22:45:36,Speaker1
Risk.,00:22:50:22,00:22:51:15,Speaker1
Risk,00:22:52:18,00:22:53:01,Speaker1
is,00:22:53:01,00:22:53:19,Speaker1
our,00:22:53:19,00:22:53:34,Speaker1
business.,00:22:53:34,00:22:54:30,Speaker1
That's,00:22:55:48,00:22:56:01,Speaker1
what,00:22:56:01,00:22:56:10,Speaker1
the,00:22:56:10,00:22:56:17,Speaker1
Starship,00:22:56:17,00:22:56:42,Speaker1
is,00:22:56:42,00:22:56:48,Speaker1
all,00:22:56:48,00:22:56:55,Speaker1
about.,00:22:56:55,00:22:57:29,Speaker1
That's,00:22:58:48,00:22:59:33,Speaker1
why,00:22:59:33,00:22:59:58,Speaker1
we're,00:22:59:58,00:23:00:11,Speaker1
aboard,00:23:00:11,00:23:00:42,Speaker1
her.,00:23:00:42,00:23:01:16,Speaker1
You,00:23:08:31,00:23:08:53,Speaker1
may,00:23:08:53,00:23:09:06,Speaker1
dissent,00:23:09:06,00:23:09:29,Speaker1
without,00:23:09:29,00:23:10:00,Speaker1
prejudice.,00:23:10:00,00:23:10:32,Speaker1
Do,00:23:14:18,00:23:14:38,Speaker1
I,00:23:14:38,00:23:14:54,Speaker1
hear.,00:23:14:56,00:23:15:34,Speaker1
A,00:23:16:01,00:23:16:17,""
negative,00:23:16:17,00:23:16:42,""
vote?,00:23:16:42,00:23:17:02,""
Stand,00:23:32:11,00:23:32:40,""
by,00:23:32:40,00:23:33:00,""
to,00:23:33:00,00:23:33:07,""
beam.,00:23:33:07,00:23:33:18,""
Aboard,00:23:33:18,00:23:33:39,Speaker1
three,00:23:33:39,00:23:33:59,Speaker1
receptacles.,00:23:33:59,00:23:35:02,Speaker1
Extreme,00:23:36:43,00:23:37:35,Speaker3
power.,00:23:37:35,00:23:37:58,Speaker3
The,00:23:37:58,00:23:38:07,Speaker3
alien,00:23:38:07,00:23:38:27,Speaker3
mind,00:23:38:27,00:23:38:54,Speaker3
will,00:23:38:54,00:23:39:32,Speaker3
drive,00:23:39:32,00:23:40:03,Speaker3
the,00:23:40:03,00:23:40:08,Speaker3
heart.,00:23:40:08,00:23:40:21,Speaker3
Action,00:23:40:21,00:23:40:39,Speaker3
dangerously,00:23:40:39,00:23:41:13,Speaker3
high,00:23:41:13,00:23:41:33,Speaker3
in,00:23:41:33,00:23:41:40,Speaker3
the,00:23:41:40,00:23:41:45,Speaker3
body.,00:23:41:45,00:23:42:00,Speaker3
Functions,00:23:42:00,00:23:42:28,Speaker3
will,00:23:42:28,00:23:42:39,Speaker3
race,00:23:42:39,00:23:42:59,Speaker3
many,00:23:42:59,00:23:43:13,Speaker3
times,00:23:43:13,00:23:43:31,Speaker3
their,00:23:43:31,00:23:43:39,Speaker3
normal,00:23:43:39,00:23:43:58,Speaker3
metabolism.,00:23:43:58,00:23:44:52,Speaker3
So,00:23:45:00,00:23:45:28,Speaker3
we're,00:23:45:28,00:23:45:37,Speaker3
going,00:23:45:37,00:23:45:50,Speaker3
to,00:23:45:50,00:23:45:55,Speaker3
have,00:23:45:55,00:23:46:08,Speaker3
to,00:23:46:08,00:23:46:13,Speaker3
monitor,00:23:46:13,00:23:46:40,Speaker3
this,00:23:46:40,00:23:46:58,Speaker3
very,00:23:46:58,00:23:47:16,Speaker3
carefully.,00:23:47:16,00:23:48:07,Speaker3
"Yes,",00:23:48:07,00:23:48:32,Speaker3
sir.,00:23:48:32,00:23:48:57,Speaker3
"Well,",00:23:50:24,00:23:50:52,Speaker3
I,00:23:50:52,00:23:50:58,Speaker3
guess,00:23:50:58,00:23:51:12,Speaker3
we're,00:23:51:12,00:23:51:19,Speaker3
about,00:23:51:19,00:23:51:34,Speaker3
as,00:23:51:34,00:23:51:41,Speaker3
ready,00:23:51:41,00:23:51:54,Speaker3
as,00:23:51:54,00:23:52:01,Speaker3
we'll,00:23:52:01,00:23:52:12,Speaker3
ever,00:23:52:12,00:23:52:21,Speaker3
be.,00:23:52:22,00:23:52:49,Speaker3
Jim.,00:23:52:49,00:23:53:15,Speaker3
"Ready,",00:23:53:47,00:23:54:10,Speaker1
Sargon.,00:23:54:10,00:23:54:39,Speaker1
The,00:24:30:06,00:24:30:35,Speaker1
transference,00:24:30:35,00:24:31:38,Speaker1
is,00:24:32:55,00:24:33:10,Speaker1
complete.,00:24:33:10,00:24:34:06,Speaker1
Metabolic,00:24:41:41,00:24:42:08,Speaker5
rate,00:24:42:08,00:24:42:17,Speaker5
is,00:24:42:17,00:24:42:24,Speaker5
double,00:24:42:24,00:24:42:39,Speaker5
and,00:24:42:39,00:24:42:46,Speaker5
"rising,",00:24:42:46,00:24:43:07,Speaker5
doctor.,00:24:43:07,00:24:43:38,Speaker5
Hello.,00:24:48:28,00:24:49:13,Speaker1
"Oh,",00:24:52:47,00:24:53:10,Speaker3
you,00:24:53:12,00:24:53:25,Speaker3
were,00:24:53:25,00:24:53:37,Speaker3
a,00:24:53:37,00:24:53:43,Speaker3
lovely,00:24:53:43,00:24:54:03,Speaker3
female.,00:24:54:03,00:24:54:42,Speaker3
A,00:24:55:43,00:24:55:51,Speaker3
pleasant,00:24:55:51,00:24:56:10,Speaker3
sight,00:24:56:10,00:24:56:25,Speaker3
to,00:24:56:25,00:24:56:32,Speaker3
wake,00:24:56:32,00:24:56:46,Speaker3
up,00:24:56:46,00:24:56:54,Speaker3
to,00:24:56:54,00:24:57:04,Speaker3
after,00:24:57:04,00:24:57:26,Speaker3
half,00:24:57:26,00:24:57:36,Speaker3
a,00:24:57:36,00:24:57:46,Speaker3
million,00:24:57:46,00:24:57:57,Speaker3
years.,00:24:57:57,00:24:58:34,Speaker3
Thank,00:25:00:03,00:25:00:30,Speaker5
you.,00:25:00:30,00:25:00:51,Speaker5
You're,00:25:00:53,00:25:01:20,Speaker3
welcome.,00:25:01:20,00:25:01:56,Speaker3
Ha,00:25:02:57,00:25:03:08,Speaker3
ha,00:25:04:07,00:25:04:16,Speaker3
ha.,00:25:04:16,00:25:04:27,Speaker3
I,00:25:15:11,00:25:15:24,""
forgot.,00:25:15:24,00:25:15:52,""
What,00:25:16:06,00:25:16:16,""
it,00:25:16:16,00:25:16:27,""
felt,00:25:16:27,00:25:16:51,""
like.,00:25:16:51,00:25:17:14,""
Even,00:25:21:17,00:25:21:39,Speaker5
to,00:25:21:39,00:25:21:49,Speaker5
breathe,00:25:21:49,00:25:22:15,Speaker5
again.,00:25:22:16,00:25:22:51,Speaker5
Saga.,00:25:33:17,00:25:33:51,""
Here.,00:25:44:57,00:25:45:20,""
In,00:25:47:27,00:25:47:48,""
this,00:25:47:48,00:25:48:01,""
body.,00:25:48:01,00:25:48:37,""
They're,00:26:12:00,00:26:12:24,Speaker5
not,00:26:12:24,00:26:13:00,Speaker5
displeased.,00:26:13:00,00:26:13:52,Speaker5
My,00:26:13:52,00:26:14:08,Speaker5
husband.,00:26:14:08,00:26:14:46,Speaker5
Your,00:26:16:01,00:26:16:16,Speaker5
body,00:26:16:16,00:26:16:43,Speaker5
is,00:26:16:43,00:26:17:08,Speaker5
not,00:26:17:08,00:26:17:30,Speaker5
unlike,00:26:17:30,00:26:17:58,Speaker5
that.,00:26:17:58,00:26:18:38,Speaker5
Which,00:26:18:38,00:26:18:52,""
was,00:26:18:52,00:26:19:05,""
your,00:26:19:05,00:26:19:16,""
own.,00:26:19:16,00:26:19:36,""
But,00:26:21:33,00:26:21:47,""
I,00:26:21:47,00:26:21:58,""
too.,00:26:22:00,00:26:22:27,""
Am,00:26:25:00,00:26:25:18,""
pleased.,00:26:25:18,00:26:25:59,""
Beloved.,00:26:25:59,00:26:26:35,""
You,00:26:31:22,00:26:31:30,""
so,00:26:31:30,00:26:31:46,""
love.,00:26:31:46,00:26:31:58,""
It's,00:26:34:53,00:26:35:09,""
a,00:26:35:09,00:26:35:15,""
very.,00:26:35:15,00:26:35:29,""
You.,00:26:41:25,00:26:41:50,""
This,00:26:55:24,00:26:55:33,Speaker3
is,00:26:55:33,00:26:55:40,Speaker3
an,00:26:55:40,00:26:55:47,Speaker3
excellent,00:26:55:47,00:26:56:12,Speaker3
"body,",00:26:56:12,00:26:56:36,Speaker3
doctor.,00:26:56:36,00:26:57:06,Speaker3
I,00:26:57:35,00:26:57:40,Speaker3
seem,00:26:57:40,00:26:58:02,Speaker3
to,00:26:58:02,00:26:58:13,Speaker3
have,00:26:58:13,00:26:58:20,Speaker3
received,00:26:58:20,00:26:59:00,Speaker3
the,00:26:59:09,00:26:59:34,Speaker3
best,00:26:59:34,00:26:59:55,Speaker3
of,00:26:59:55,00:27:00:03,Speaker3
the,00:27:00:03,00:27:00:08,Speaker3
three,00:27:00:08,00:27:00:44,Speaker3
strength,00:27:00:44,00:27:01:27,Speaker3
"hearing,",00:27:01:27,00:27:01:58,Speaker3
eyesight,00:27:01:58,00:27:02:30,Speaker3
all,00:27:02:30,00:27:02:50,Speaker3
far,00:27:02:50,00:27:03:06,Speaker3
above,00:27:03:06,00:27:03:30,Speaker3
your,00:27:03:30,00:27:04:02,Speaker3
human,00:27:04:02,00:27:04:36,Speaker3
norms.,00:27:04:36,00:27:05:00,Speaker3
I'm,00:27:05:00,00:27:05:10,Speaker3
surprised,00:27:05:10,00:27:05:34,Speaker3
the,00:27:05:34,00:27:05:41,Speaker3
Vulcans,00:27:05:41,00:27:06:04,Speaker3
never,00:27:06:04,00:27:06:21,Speaker3
conquered,00:27:06:21,00:27:06:39,Speaker3
your,00:27:06:39,00:27:06:48,Speaker3
race.,00:27:06:48,00:27:07:24,Speaker3
Vulcans,00:27:07:51,00:27:08:23,Speaker3
worship,00:27:08:23,00:27:08:48,Speaker3
peace,00:27:08:48,00:27:09:12,Speaker3
above,00:27:09:12,00:27:09:28,Speaker3
all.,00:27:09:28,00:27:09:49,Speaker3
Hannah.,00:27:09:49,00:27:10:09,Speaker3
"Yes,",00:27:10:09,00:27:10:42,Speaker3
of,00:27:10:42,00:27:10:47,Speaker3
"course,",00:27:10:47,00:27:11:09,Speaker3
of,00:27:11:09,00:27:11:12,Speaker3
course.,00:27:11:12,00:27:11:28,Speaker3
Just,00:27:11:28,00:27:11:41,Speaker3
as,00:27:11:41,00:27:11:50,Speaker3
we,00:27:11:50,00:27:11:59,Speaker3
"do,",00:27:11:59,00:27:12:08,Speaker3
doctor.,00:27:12:08,00:27:12:26,Speaker3
Nurse.,00:27:13:38,00:27:14:27,Speaker1
Doctor.,00:27:20:01,00:27:20:37,Speaker5
Hanukkah.,00:27:26:45,00:27:27:12,Speaker3
You,00:27:27:12,00:27:27:21,Speaker3
better,00:27:27:21,00:27:27:32,Speaker3
get,00:27:27:34,00:27:27:43,Speaker3
back,00:27:27:43,00:27:27:52,Speaker3
to,00:27:27:52,00:27:27:59,Speaker3
bed,00:27:27:59,00:27:28:13,Speaker3
to,00:27:28:13,00:27:28:31,Speaker3
be,00:27:28:37,00:27:28:46,Speaker3
unnecessary.,00:27:28:46,00:27:29:25,Speaker3
"Doctor,",00:27:29:27,00:27:29:47,Speaker3
there's,00:27:29:47,00:27:30:01,Speaker3
Vulcan.,00:27:30:01,00:27:30:23,Speaker3
Body,00:27:30:23,00:27:30:37,Speaker3
is,00:27:30:37,00:27:30:45,Speaker3
accustomed,00:27:30:45,00:27:31:08,Speaker3
to,00:27:31:08,00:27:31:13,Speaker3
the,00:27:31:13,00:27:31:21,Speaker3
higher,00:27:31:21,00:27:31:35,Speaker3
metabolism.,00:27:31:35,00:27:32:20,Speaker3
Sargon.,00:27:34:30,00:27:35:13,Speaker3
It,00:27:35:13,00:27:35:20,Speaker3
won't,00:27:35:20,00:27:35:34,Speaker3
work.,00:27:35:34,00:27:36:12,Speaker3
You've,00:27:36:14,00:27:36:43,Speaker3
got,00:27:36:43,00:27:36:59,Speaker3
to,00:27:36:59,00:27:37:04,Speaker3
get,00:27:37:04,00:27:37:15,Speaker3
out,00:27:37:15,00:27:37:22,Speaker3
before,00:27:37:22,00:27:37:40,Speaker3
you,00:27:37:40,00:27:37:48,Speaker3
kill,00:27:37:48,00:27:38:02,Speaker3
them.,00:27:38:02,00:27:38:33,Speaker3
We,00:27:39:09,00:27:39:18,Speaker1
will,00:27:39:18,00:27:39:27,Speaker1
be,00:27:39:27,00:27:39:34,Speaker1
killed,00:27:39:34,00:27:39:48,Speaker1
once,00:27:39:48,00:27:40:19,Speaker1
until,00:27:41:34,00:27:41:54,Speaker1
you,00:27:41:54,00:27:42:00,Speaker1
can,00:27:42:00,00:27:42:10,Speaker1
administer,00:27:42:10,00:27:42:57,Speaker1
a,00:27:42:57,00:27:43:04,Speaker1
metabolic,00:27:43:04,00:27:43:35,Speaker1
reduction,00:27:43:35,00:27:44:04,Speaker1
injection.,00:27:44:04,00:27:44:42,Speaker1
A,00:27:45:45,00:27:45:59,Speaker1
what?,00:27:45:59,00:27:46:22,Speaker1
I'll,00:27:46:30,00:27:46:58,Speaker3
prepare,00:27:46:58,00:27:47:16,Speaker3
the,00:27:47:16,00:27:47:24,Speaker3
formula.,00:27:47:24,00:27:47:45,Speaker3
Sargon.,00:27:47:47,00:27:48:19,Speaker3
Henoch.,00:27:49:06,00:27:49:40,Speaker1
Your,00:27:50:57,00:27:51:15,Speaker1
condition.,00:27:51:15,00:27:51:58,Speaker1
I,00:27:52:13,00:27:52:36,Speaker3
can,00:27:52:36,00:27:52:45,Speaker3
continue,00:27:52:45,00:27:53:07,Speaker3
in,00:27:53:07,00:27:53:12,Speaker3
this,00:27:53:12,00:27:53:23,Speaker3
body,00:27:53:23,00:27:53:37,Speaker3
for,00:27:53:37,00:27:53:45,Speaker3
several,00:27:53:45,00:27:54:03,Speaker3
hours.,00:27:54:03,00:27:54:37,Speaker3
Fortunate.,00:27:55:23,00:27:56:26,Speaker1
We,00:27:57:45,00:27:58:12,Speaker3
will.,00:27:58:12,00:27:58:42,Speaker3
Vacated,00:28:00:18,00:28:00:49,Speaker1
ones.,00:28:00:49,00:28:01:27,Speaker1
This,00:28:16:48,00:28:17:08,Speaker3
woman,00:28:17:08,00:28:17:24,Speaker3
will,00:28:17:24,00:28:17:35,Speaker3
assist,00:28:17:35,00:28:17:53,Speaker3
me.,00:28:17:53,00:28:18:07,Speaker3
You,00:28:19:30,00:28:19:33,Speaker3
will,00:28:19:33,00:28:19:44,Speaker3
take,00:28:19:44,00:28:19:57,Speaker3
me,00:28:19:57,00:28:20:04,Speaker3
to,00:28:20:04,00:28:20:11,Speaker3
your,00:28:20:11,00:28:20:20,Speaker3
pharmacology,00:28:20:20,00:28:21:00,Speaker3
laboratory.,00:28:21:00,00:28:21:45,Speaker3
Bones.,00:28:27:17,00:28:27:48,""
It,00:28:30:06,00:28:30:12,""
was,00:28:30:12,00:28:30:22,""
close.,00:28:30:22,00:28:30:44,""
Jim,00:28:30:44,00:28:31:02,Speaker3
both,00:28:31:43,00:28:32:01,Speaker3
barely,00:28:32:01,00:28:32:18,Speaker3
got,00:28:32:18,00:28:32:30,Speaker3
back,00:28:32:30,00:28:32:41,Speaker3
alive.,00:28:32:41,00:28:33:24,Speaker3
Unless,00:28:33:49,00:28:34:07,Speaker3
the,00:28:34:07,00:28:34:13,Speaker3
formula,00:28:34:13,00:28:34:38,Speaker3
"works,",00:28:34:38,00:28:34:52,Speaker3
we,00:28:34:52,00:28:35:00,Speaker3
can't,00:28:35:00,00:28:35:12,Speaker3
risk,00:28:35:12,00:28:35:27,Speaker3
it,00:28:35:27,00:28:35:32,Speaker3
again.,00:28:35:32,00:28:36:08,Speaker3
Now,00:28:39:03,00:28:39:26,Speaker3
this,00:28:39:51,00:28:40:06,Speaker3
"formula,",00:28:40:06,00:28:40:47,Speaker3
we,00:28:41:19,00:28:41:28,Speaker3
reduced,00:28:41:28,00:28:41:50,Speaker3
the,00:28:41:50,00:28:41:59,Speaker3
heart,00:28:41:59,00:28:42:13,Speaker3
action,00:28:42:13,00:28:42:37,Speaker3
and,00:28:42:37,00:28:42:55,Speaker3
the,00:28:42:55,00:28:43:00,Speaker3
bodily,00:28:43:00,00:28:43:20,Speaker3
functions,00:28:43:20,00:28:43:49,Speaker3
to,00:28:43:49,00:28:43:56,Speaker3
normal,00:28:43:56,00:28:44:36,Speaker3
while,00:28:45:06,00:28:45:33,Speaker3
the,00:28:45:33,00:28:45:40,Speaker3
bodies,00:28:45:40,00:28:45:57,Speaker3
are,00:28:45:57,00:28:46:04,Speaker3
occupied.,00:28:46:04,00:28:46:58,Speaker3
You,00:28:47:00,00:28:47:23,Speaker3
will,00:28:47:23,00:28:47:32,Speaker3
administer,00:28:47:32,00:28:48:08,Speaker3
one,00:28:48:08,00:28:48:21,Speaker3
injection,00:28:48:21,00:28:48:55,Speaker3
of,00:28:48:55,00:28:49:02,Speaker3
ten,00:28:49:02,00:28:49:16,Speaker3
cc's,00:28:49:16,00:28:50:12,Speaker3
each,00:28:50:25,00:28:50:50,Speaker3
hour.,00:28:50:52,00:28:51:21,Speaker3
I,00:28:51:22,00:28:51:37,Speaker5
understand.,00:28:51:37,00:28:52:22,Speaker5
This,00:28:52:31,00:28:52:45,Speaker3
hypo.,00:28:52:45,00:28:53:10,Speaker3
You,00:28:53:12,00:28:53:23,Speaker3
will,00:28:53:23,00:28:53:34,Speaker3
code,00:28:53:34,00:28:53:48,Speaker3
mark,00:28:53:48,00:28:54:24,Speaker3
for.,00:28:54:44,00:28:55:09,Speaker3
And,00:28:58:06,00:28:58:21,Speaker3
this,00:28:58:21,00:28:58:33,Speaker3
one,00:28:58:33,00:28:59:07,Speaker3
you,00:28:59:38,00:28:59:54,Speaker3
will,00:28:59:54,00:29:00:05,Speaker3
code,00:29:00:05,00:29:00:23,Speaker3
mark,00:29:00:23,00:29:00:59,Speaker3
for,00:29:02:04,00:29:02:25,Speaker3
me.,00:29:02:25,00:29:02:52,Speaker3
"Yes,",00:29:03:25,00:29:03:55,Speaker5
sir.,00:29:03:55,00:29:04:13,Speaker5
This,00:29:05:29,00:29:05:45,Speaker3
one,00:29:05:45,00:29:06:16,Speaker3
you,00:29:06:55,00:29:07:08,Speaker3
will,00:29:07:08,00:29:07:17,Speaker3
administer,00:29:07:17,00:29:07:53,Speaker3
to,00:29:07:53,00:29:08:25,Speaker3
Captain,00:29:08:25,00:29:08:54,Speaker3
Kirk.,00:29:08:54,00:29:09:37,Speaker3
Sargon,00:29:11:07,00:29:11:40,Speaker3
is,00:29:11:40,00:29:11:49,Speaker3
in,00:29:11:49,00:29:11:56,Speaker3
his,00:29:11:56,00:29:12:07,Speaker3
body.,00:29:12:07,00:29:12:41,Speaker3
This,00:29:15:52,00:29:16:01,Speaker5
hypo,00:29:16:01,00:29:16:18,Speaker5
does,00:29:16:18,00:29:16:27,Speaker5
not,00:29:16:27,00:29:16:34,Speaker5
contain,00:29:16:34,00:29:16:52,Speaker5
the,00:29:16:52,00:29:16:57,Speaker5
same,00:29:16:57,00:29:17:10,Speaker5
formula.,00:29:17:10,00:29:17:55,Speaker5
No.,00:29:18:27,00:29:19:07,Speaker3
That's,00:29:19:07,00:29:19:27,Speaker3
correct.,00:29:19:27,00:29:19:57,Speaker3
But,00:29:19:57,00:29:20:26,Speaker3
since,00:29:20:26,00:29:20:40,Speaker3
I,00:29:20:40,00:29:20:46,Speaker3
will,00:29:20:46,00:29:20:55,Speaker3
arrange,00:29:20:55,00:29:21:18,Speaker3
for,00:29:21:18,00:29:21:29,Speaker3
you,00:29:21:29,00:29:21:49,Speaker3
to,00:29:21:49,00:29:21:58,Speaker3
administer,00:29:21:58,00:29:22:32,Speaker3
each,00:29:22:32,00:29:22:43,Speaker3
of,00:29:22:43,00:29:22:48,Speaker3
the,00:29:22:48,00:29:22:55,Speaker3
"injections,",00:29:22:55,00:29:23:49,Speaker3
then,00:29:24:16,00:29:24:24,Speaker3
no,00:29:24:24,00:29:24:31,Speaker3
one,00:29:24:31,00:29:24:38,Speaker3
else,00:29:24:38,00:29:24:49,Speaker3
will,00:29:24:49,00:29:24:58,Speaker3
notice.,00:29:24:58,00:29:25:37,Speaker3
Without,00:29:26:19,00:29:26:42,Speaker5
the,00:29:26:42,00:29:26:48,Speaker5
same,00:29:26:48,00:29:27:07,Speaker5
"formula,",00:29:27:07,00:29:27:51,Speaker5
Captain,00:29:27:51,00:29:28:19,Speaker5
Kirk,00:29:28:19,00:29:28:32,Speaker5
will,00:29:28:32,00:29:28:41,Speaker5
die.,00:29:28:41,00:29:29:19,Speaker5
What,00:29:37:11,00:29:37:18,""
were,00:29:37:18,00:29:37:24,""
you,00:29:37:24,00:29:37:31,""
saying?,00:29:37:31,00:29:37:54,""
I.,00:29:39:13,00:29:39:44,""
I,00:29:42:09,00:29:42:39,Speaker3
was.,00:29:42:39,00:29:43:13,Speaker3
I,00:29:43:13,00:29:43:42,Speaker5
wanted,00:29:43:42,00:29:43:58,Speaker5
to,00:29:43:58,00:29:44:06,Speaker5
say,00:29:44:06,00:29:44:20,Speaker5
something.,00:29:44:20,00:29:44:47,Speaker5
I've,00:29:44:47,00:29:44:56,Speaker5
forgotten,00:29:44:56,00:29:45:19,Speaker5
what,00:29:45:19,00:29:45:28,Speaker5
it,00:29:45:28,00:29:45:34,Speaker5
was.,00:29:45:34,00:29:46:17,Speaker5
"Yes,",00:29:46:35,00:29:47:15,Speaker3
"well,",00:29:47:15,00:29:47:43,Speaker3
you,00:29:47:43,00:29:47:51,Speaker3
were,00:29:47:51,00:29:47:56,Speaker3
about,00:29:47:56,00:29:48:12,Speaker3
to,00:29:48:12,00:29:48:18,Speaker3
say,00:29:48:18,00:29:48:50,Speaker3
that,00:29:48:50,00:29:49:15,Speaker3
you,00:29:49:15,00:29:49:28,Speaker3
watched,00:29:49:28,00:29:49:48,Speaker3
me,00:29:49:48,00:29:50:07,Speaker3
prepare,00:29:50:07,00:29:50:31,Speaker3
the,00:29:50:31,00:29:50:38,Speaker3
formula,00:29:50:38,00:29:51:21,Speaker3
and,00:29:51:21,00:29:51:50,Speaker3
fill,00:29:51:50,00:29:52:04,Speaker3
each,00:29:52:04,00:29:52:15,Speaker3
of,00:29:52:15,00:29:52:21,Speaker3
the,00:29:52:21,00:29:52:26,Speaker3
hypos.,00:29:52:26,00:29:52:48,Speaker3
That,00:29:55:15,00:29:55:27,Speaker5
was,00:29:55:27,00:29:55:38,Speaker5
it.,00:29:55:38,00:29:55:52,Speaker5
I,00:29:56:46,00:29:57:13,Speaker5
will,00:29:57:13,00:29:57:25,Speaker5
inform,00:29:57:25,00:29:57:58,Speaker5
doctor,00:29:57:58,00:29:58:18,Speaker5
McCoy,00:29:58:18,00:29:58:46,Speaker5
that,00:29:58:46,00:29:58:59,Speaker5
each,00:29:58:59,00:29:59:19,Speaker5
is,00:29:59:21,00:29:59:35,Speaker5
properly,00:29:59:35,00:30:00:07,Speaker5
filled,00:30:00:07,00:30:00:31,Speaker5
for,00:30:00:31,00:30:00:43,Speaker5
each,00:30:00:43,00:30:00:58,Speaker5
patient.,00:30:00:58,00:30:01:45,Speaker5
